Player,Nation,Pos,Age,MP,Starts,Min,90s,Gls,Ast,PK,CrdY,CrdR,xG,npxG
Rodri,es ESP,MF,27,34,34,2931,32.6,8,9,0,8,1,4.1,4.1
Phil Foden,eng ENG,"FW,MF",23,35,33,2857,31.7,19,8,0,2,0,10.3,10.3
Ederson,br BRA,GK,29,33,33,2785,30.9,0,0,0,5,0,0.0,0.0
JuliÃ¡n Ãlvarez,ar ARG,"MF,FW",23,36,31,2647,29.4,11,8,2,2,0,13.0,11.5
Kyle Walker,eng ENG,DF,33,32,30,2767,30.7,0,4,0,2,0,0.4,0.4
Bernardo Silva,pt POR,"MF,FW",28,33,29,2578,28.6,6,9,0,8,0,3.7,3.7
Erling Haaland,no NOR,FW,23,31,29,2552,28.4,27,5,7,1,0,29.2,22.9
RÃºben Dias,pt POR,DF,26,30,28,2559,28.4,0,0,0,0,0,1.4,1.4
Manuel Akanji,ch SUI,"DF,MF",28,30,28,2511,27.9,2,0,0,4,1,1.9,1.9
JoÅ¡ko Gvardiol,hr CRO,DF,21,28,26,2328,25.9,4,1,0,3,0,3.1,3.1
Nathan AkÃ©,nl NED,DF,28,29,24,2042,22.7,2,2,0,0,0,2.5,2.5
Jeremy Doku,be BEL,"FW,MF",21,29,18,1595,17.7,3,8,0,3,0,2.5,2.5
Mateo KovaÄiÄ‡,hr CRO,MF,29,30,16,1551,17.2,1,0,0,4,0,1.3,1.3
Kevin De Bruyne,be BEL,MF,32,18,15,1221,13.6,4,10,0,2,0,2.4,2.4
John Stones,eng ENG,"DF,MF",29,16,12,1064,11.8,1,0,0,2,0,1.0,1.0
Jack Grealish,eng ENG,"FW,MF",27,20,10,1009,11.2,3,1,0,6,0,2.1,2.1
Rico Lewis,eng ENG,"DF,MF",18,16,8,809,9.0,2,0,0,1,0,0.6,0.6
Matheus Nunes,pt POR,MF,24,17,7,661,7.3,0,2,0,0,0,0.8,0.8
Stefan Ortega,de GER,GK,30,9,5,635,7.1,0,0,0,0,0,0.0,0.0
Oscar Bobb,no NOR,"FW,MF",20,14,2,302,3.4,1,1,0,0,0,1.4,1.4
Kalvin Phillips,eng ENG,MF,27,4,0,93,1.0,0,0,0,0,0,0.1,0.1
Sergio GÃ³mez,es ESP,"FW,MF",22,6,0,53,0.6,0,1,0,0,0,0.2,0.2
Aymeric Laporte,es ESP,DF,29,1,0,12,0.1,0,0,0,0,0,0.0,0.0
Cole Palmer,eng ENG,MF,21,1,0,11,0.1,0,0,0,0,0,0.0,0.0
James Mcatee,eng ENG,MF,20,1,0,1,0.0,0,0,0,0,0,0.0,0.0
Scott Carson,eng ENG,GK,37,0,0,0,,0,0,0,0,0,,
Micah Hamilton,eng ENG,MF,19,0,0,0,,0,0,0,0,0,,
MÃ¡ximo Perrone,ar ARG,MF,20,0,0,0,,0,0,0,0,0,,
Mahamadou Susoho,es ESP,DF,18,0,0,0,,0,0,0,0,0,,
Jacob Wright,eng ENG,MF,17,0,0,0,,0,0,0,0,0,,
Squad Total,,,26,38,418,3420,38.0,94,69,9,53,2,80.5,72.9
Opponent Total,,,26,38,418,3420,38.0,33,23,3,93,2,35.6,33.2
William Saliba,fr FRA,DF,22,0,38,3420,38.0,2,1,0,4,0,1.6,1.6
Declan Rice,eng ENG,MF,24,0,37,3225,35.8,7,8,0,5,0,3.3,3.3
Martin Ã˜degaard,no NOR,MF,24,0,35,3091,34.3,8,10,2,2,0,7.4,5.8
Ben White,eng ENG,DF,25,0,35,2988,33.2,4,4,0,8,0,1.2,1.2
Bukayo Saka,eng ENG,FW,21,0,35,2919,32.4,16,9,6,4,0,15.5,10.8
Gabriel MagalhÃ£es,br BRA,DF,25,0,34,3044,33.8,4,0,0,4,0,4.3,4.3
David Raya,es ESP,GK,27,0,32,2880,32.0,0,0,0,2,0,0.0,0.0
Kai Havertz,de GER,"MF,FW",24,0,30,2634,29.3,13,7,1,11,0,12.3,11.6
Gabriel Martinelli,br BRA,FW,22,0,24,2019,22.4,6,4,0,1,0,6.8,6.8
Oleksandr Zinchenko,ua UKR,DF,26,0,20,1722,19.1,1,2,0,2,0,0.6,0.6
Leandro Trossard,be BEL,"FW,MF",28,0,18,1649,18.3,12,1,0,2,0,7.9,7.9
Gabriel Jesus,br BRA,FW,26,0,17,1478,16.4,4,5,0,6,0,6.3,6.3
Jakub Kiwior,pl POL,DF,23,0,11,946,10.5,1,3,0,1,0,0.8,0.8
Takehiro Tomiyasu,jp JPN,DF,24,0,10,1149,12.8,2,1,0,2,1,1.5,1.5
Eddie Nketiah,eng ENG,FW,24,0,10,1082,12.0,5,2,0,3,0,4.5,4.5
Jorginho,it ITA,MF,31,0,10,921,10.2,0,2,0,1,0,0.1,0.1
Thomas Partey,gh GHA,"MF,DF",30,0,9,788,8.8,0,0,0,3,0,0.4,0.4
Aaron Ramsdale,eng ENG,GK,25,0,6,540,6.0,0,0,0,0,0,0.0,0.0
Emile Smith Rowe,eng ENG,MF,23,0,3,353,3.9,0,1,0,0,0,2.0,2.0
Fabio Vieira,pt POR,"MF,FW",23,0,2,297,3.3,1,2,1,0,1,1.3,0.5
Reiss Nelson,eng ENG,FW,23,0,1,268,3.0,0,0,0,1,0,0.2,0.2
JurriÃ«n Timber,nl NED,DF,22,0,1,71,0.8,0,0,0,2,0,0.0,0.0
CÃ©dric Soares,pt POR,DF,31,0,0,62,0.7,0,0,0,0,0,0.0,0.0
Mohamed Elneny,eg EGY,MF,31,0,0,28,0.3,0,0,0,0,0,0.1,0.1
Ethan Nwaneri,eng ENG,FW,16,0,0,14,0.2,0,0,0,0,0,0.0,0.0
Mauro Bandeira,pt POR,MF,19,0,0,0,,0,0,0,0,0,,
Bradley Ibrahim,eng ENG,MF,18,0,0,0,,0,0,0,0,0,,
Karl Jakob Hein,ee EST,GK,21,0,0,0,,0,0,0,0,0,,
Myles Lewis-Skelly,eng ENG,MF,16,0,0,0,,0,0,0,0,0,,
Charles Sagoe Jr,eng ENG,FW,19,0,0,0,,0,0,0,0,0,,
James Sweet,wls WAL,DF,19,0,0,0,,0,0,0,0,0,,
Reuell Walters,eng ENG,DF,18,0,0,0,,0,0,0,0,0,,
Squad Total,,,25,0,418,3420,38.0,86,62,10,64,2,76.1,68.5
Opponent Total,,,26,0,418,3420,38.0,28,20,2,82,2,27.9,25.7
Virgil van Dijk,nl NED,DF,32,36,36,3177,35.3,2,2,0,3,1,2.8,2.8
Luis DÃ­az,co COL,FW,26,37,32,2629,29.2,8,5,0,3,0,11.9,11.9
Alexis Mac Allister,ar ARG,MF,24,33,31,2599,28.9,5,5,1,7,1,3.7,2.9
Mohamed Salah,eg EGY,FW,31,32,28,2534,28.2,18,10,5,2,0,21.2,15.5
Alisson,br BRA,GK,30,28,28,2520,28.0,0,0,0,1,0,0.0,0.0
Trent Alexander-Arnold,eng ENG,DF,24,28,25,2155,23.9,3,4,0,6,0,2.6,2.3
Dominik Szoboszlai,hu HUN,MF,22,33,25,2104,23.4,3,2,0,1,0,3.7,3.7
Darwin NÃºÃ±ez,uy URU,FW,24,36,22,2047,22.7,11,8,0,9,0,16.3,15.5
Wataru Endo,jp JPN,MF,30,29,20,1722,19.1,1,0,0,10,0,0.5,0.5
Andrew Robertson,sct SCO,DF,29,23,18,1693,18.8,3,2,0,2,0,1.9,1.9
Joe Gomez,eng ENG,DF,26,32,17,1786,19.8,0,1,0,5,0,0.8,0.8
Cody Gakpo,nl NED,"FW,MF",24,35,17,1649,18.3,8,5,0,1,0,9.0,9.0
Ibrahima KonatÃ©,fr FRA,DF,24,22,17,1574,17.5,0,0,0,5,1,0.7,0.7
Curtis Jones,eng ENG,MF,22,23,14,1167,13.0,1,1,0,3,1,2.6,2.6
Diogo Jota,pt POR,FW,26,21,14,1145,12.7,10,3,0,3,1,5.3,5.3
Jarell Quansah,eng ENG,DF,20,17,13,1190,13.2,2,0,0,1,0,1.0,1.0
Ryan Gravenberch,nl NED,MF,21,26,12,1121,12.5,1,0,0,0,0,2.0,2.0
Harvey Elliott,eng ENG,"MF,FW",20,34,11,1352,15.0,3,6,0,2,0,2.7,2.7
CaoimhÃ­n Kelleher,ie IRL,GK,24,10,10,900,10.0,0,0,0,0,0,0.0,0.0
Conor Bradley,nir NIR,DF,20,11,10,753,8.4,1,3,0,2,0,0.9,0.9
JoÃ«l Matip,cm CMR,DF,31,10,9,781,8.7,0,0,0,2,0,0.5,0.5
Kostas Tsimikas,gr GRE,DF,27,13,8,679,7.5,0,3,0,0,0,0.1,0.1
Bobby Clark,eng ENG,MF,18,5,1,89,1.0,0,0,0,0,0,0.1,0.1
Stefan Bajcetic,es ESP,MF,18,1,0,26,0.3,0,0,0,0,0,0.0,0.0
Ben Doak,sct SCO,FW,17,1,0,14,0.2,0,0,0,0,0,0.0,0.0
Jayden Danns,eng ENG,FW,17,2,0,9,0.1,0,0,0,1,0,0.0,0.0
Owen Beck,wls WAL,DF,20,1,0,8,0.1,0,0,0,0,0,0.0,0.0
Thiago AlcÃ¡ntara,es ESP,MF,32,1,0,6,0.1,0,0,0,0,0,0.0,0.0
James McConnell,eng ENG,MF,18,3,0,4,0.0,0,0,0,0,0,0.0,0.0
Kaide Gordon,eng ENG,FW,18,1,0,1,0.0,0,0,0,0,0,0.0,0.0
AdriÃ¡n,es ESP,GK,36,0,0,0,,0,0,0,0,0,,
Luke Chambers,eng ENG,DF,19,0,0,0,,0,0,0,0,0,,
Lewis Koumas,wls WAL,MF,17,0,0,0,,0,0,0,0,0,,
Fabian Mrozek,pl POL,GK,19,0,0,0,,0,0,0,0,0,,
Amara Nallo,eng ENG,DF,16,0,0,0,,0,0,0,0,0,,
Trey Nyoni,eng ENG,MF,16,0,0,0,,0,0,0,0,0,,
Marcelo Pitaluga,br BRA,GK,20,0,0,0,,0,0,0,0,0,,
Calum Scanlon,eng ENG,MF,18,0,0,0,,0,0,0,0,0,,
Squad Total,,,26,38,418,3420,38.0,80,60,6,69,5,87.8,80.4
Opponent Total,,,26,38,418,3420,38.0,39,27,1,98,4,45.7,45.0
Ollie Watkins,eng ENG,FW,27,37,37,3217,35.7,19,13,0,4,0,16.8,16.8
Ezri Konsa,eng ENG,DF,25,35,35,3069,34.1,1,0,0,5,0,2.5,2.5
John McGinn,sct SCO,"MF,FW",28,35,35,2999,33.3,6,4,0,9,1,5.0,5.0
Douglas Luiz,br BRA,MF,25,35,35,2993,33.3,9,5,4,12,0,6.9,3.8
Emiliano MartÃ­nez,ar ARG,GK,30,34,34,3015,33.5,0,0,0,4,0,0.0,0.0
Pau Torres,es ESP,DF,26,29,27,2464,27.4,2,0,0,1,0,1.0,1.0
Lucas Digne,fr FRA,DF,30,33,27,2410,26.8,1,3,0,7,0,1.1,1.1
Moussa Diaby,fr FRA,"FW,MF",24,38,25,2174,24.2,6,8,0,1,0,7.0,7.0
Matty Cash,pl POL,DF,25,29,23,2142,23.8,2,2,0,8,0,4.2,4.2
Leon Bailey,jm JAM,"MF,FW",25,35,22,2068,23.0,10,9,0,5,0,6.3,6.3
Diego Carlos,br BRA,DF,30,27,20,1816,20.2,0,0,0,4,0,1.9,1.9
Boubacar Kamara,fr FRA,MF,23,20,20,1652,18.4,0,1,0,7,1,0.1,0.1
Youri Tielemans,be BEL,"MF,FW",26,32,17,1622,18.0,2,6,0,3,0,1.3,1.3
ClÃ©ment Lenglet,fr FRA,DF,28,14,14,1153,12.8,0,1,0,3,0,0.9,0.9
Ãlex Moreno,es ESP,DF,30,21,11,1031,11.5,2,0,0,2,0,1.1,1.1
NicolÃ² Zaniolo,it ITA,"FW,MF",24,25,9,839,9.3,2,0,0,7,0,2.6,2.6
Jacob Ramsey,eng ENG,"FW,MF",22,16,8,853,9.5,1,1,0,2,0,2.2,2.2
Morgan Rogers,eng ENG,"MF,FW",21,11,8,638,7.1,3,1,0,3,0,1.4,1.4
Robin Olsen,se SWE,GK,33,5,4,405,4.5,0,0,0,0,0,0.0,0.0
Jhon DurÃ¡n,co COL,"FW,MF",19,23,3,475,5.3,5,0,0,5,0,2.0,2.0
Tim Iroegbunam,eng ENG,MF,20,9,1,164,1.8,0,0,0,0,0,0.0,0.0
Calum Chambers,eng ENG,"MF,DF",28,5,1,152,1.7,0,1,0,1,0,0.0,0.0
Leander Dendoncker,be BEL,MF,28,8,1,119,1.3,1,0,0,0,0,0.7,0.7
Tyrone Mings,eng ENG,DF,30,1,1,30,0.3,0,0,0,0,0,0.0,0.0
Omari Kellyman,eng ENG,FW,17,2,0,37,0.4,0,0,0,0,0,0.1,0.1
Philippe Coutinho,br BRA,"MF,FW",31,2,0,25,0.3,0,0,0,0,0,0.1,0.1
Bertrand TraorÃ©,bf BFA,"DF,FW",27,2,0,11,0.1,0,0,0,0,0,0.0,0.0
Cameron Archer,eng ENG,MF,22,1,0,6,0.1,0,0,0,1,0,0.0,0.0
Kaine Kesler-Hayden,eng ENG,"MF,DF",20,3,0,6,0.1,0,0,0,0,0,0.0,0.0
Finley Munroe,eng ENG,MF,18,1,0,4,0.0,0,0,0,0,0,0.0,0.0
Jaden Philogene Bidace,eng ENG,FW,21,1,0,4,0.0,0,0,0,0,0,0.0,0.0
Lander Emery,,GK,0,0,0,0,,0,0,0,0,0,,
Joe Gauci,au AUS,GK,23,0,0,0,,0,0,0,0,0,,
Filip Marshall,eng ENG,GK,20,0,0,0,,0,0,0,0,0,,
Tommi O'Reilly,eng ENG,MF,19,0,0,0,,0,0,0,0,0,,
Sam Proctor,eng ENG,GK,16,0,0,0,,0,0,0,0,0,,
James Wright,eng ENG,GK,18,0,0,0,,0,0,0,0,0,,
Kadan Young,eng ENG,MF,17,0,0,0,,0,0,0,0,0,,
Oliwier Zych,pl POL,GK,19,0,0,0,,0,0,0,0,0,,
Squad Total,,,26,38,418,3420,38.0,72,55,4,94,2,63.3,60.3
Opponent Total,,,26,38,418,3420,38.0,57,45,1,94,4,59.9,58.2
Guglielmo Vicario,it ITA,GK,26,38,38,3420,38.0,0,0,0,2,0,0.0,0.0
Pedro Porro,es ESP,DF,23,35,35,3089,34.3,3,7,0,3,0,2.9,2.9
Son Heung-min,kr KOR,FW,31,35,34,2934,32.6,17,10,2,1,0,12.0,10.4
Cristian Romero,ar ARG,DF,25,33,33,2790,31.0,5,0,0,7,1,3.5,3.5
Dejan Kulusevski,se SWE,"FW,MF",23,36,31,2762,30.7,8,3,0,7,0,4.7,4.7
Destiny Udogie,it ITA,DF,20,28,28,2391,26.6,2,3,0,7,1,2.4,2.4
Micky van de Ven,nl NED,DF,22,27,27,2339,26.0,3,0,0,5,0,0.6,0.6
Pape Matar Sarr,sn SEN,MF,20,34,27,2069,23.0,3,3,0,9,0,3.4,3.4
James Maddison,eng ENG,MF,26,28,26,2135,23.7,4,9,0,5,0,6.4,6.4
Yves Bissouma,ml MLI,MF,26,28,26,2068,23.0,0,0,0,10,2,1.4,1.4
Brennan Johnson,wls WAL,FW,22,32,23,2085,23.2,5,10,0,3,0,10.3,10.3
Richarlison,br BRA,FW,26,28,18,1491,16.6,11,4,0,3,0,9.6,9.6
Rodrigo Bentancur,uy URU,MF,26,23,13,1005,11.2,1,1,0,7,0,1.9,1.9
Ben Davies,wls WAL,DF,30,17,12,1090,12.1,1,0,0,2,0,2.3,2.3
Emerson,br BRA,DF,24,22,11,1161,12.9,1,0,0,4,0,0.2,0.2
Timo Werner,de GER,FW,27,13,10,809,9.0,2,3,0,1,0,3.7,3.7
Pierre HÃ¸jbjerg,dk DEN,MF,27,36,8,1311,14.6,0,0,0,4,0,0.7,0.7
Oliver Skipp,eng ENG,"MF,DF",22,21,5,707,7.9,0,0,0,3,0,0.7,0.7
Giovani Lo Celso,ar ARG,MF,27,22,4,506,5.6,2,2,0,2,0,0.6,0.6
Radu DrÄƒguÈ™in,ro ROU,DF,21,9,4,429,4.8,0,0,0,1,0,0.1,0.1
Bryan Gil,es ESP,"FW,MF",22,11,2,209,2.3,0,0,0,0,0,0.8,0.8
Manor Solomon,il ISR,FW,24,5,2,199,2.2,0,2,0,1,0,0.4,0.4
Eric Dier,eng ENG,DF,29,4,1,201,2.2,0,0,0,0,0,0.0,0.0
Ivan PeriÅ¡iÄ‡,hr CRO,FW,34,5,0,103,1.1,0,1,0,2,0,0.1,0.1
Davinson SÃ¡nchez,co COL,DF,27,1,0,77,0.9,0,0,0,1,0,0.1,0.1
Alejo VÃ©liz,ar ARG,FW,19,8,0,50,0.6,1,0,0,1,0,0.2,0.2
Dane Scarlett,eng ENG,FW,19,4,0,22,0.2,0,0,0,0,0,0.0,0.0
Mikey Moore,eng ENG,MF,15,2,0,4,0.0,0,0,0,0,0,0.0,0.0
Jamie Donley,eng ENG,FW,18,3,0,3,0.0,0,0,0,1,0,0.0,0.0
Brandon Austin,eng ENG,GK,24,0,0,0,,0,0,0,0,0,,
Alfie Dorrington,eng ENG,DF,18,0,0,0,,0,0,0,0,0,,
Fraser Forster,eng ENG,GK,35,0,0,0,,0,0,0,0,0,,
Tyrese Hall,eng ENG,MF,17,0,0,0,,0,0,0,0,0,,
Ashley Phillips,wls WAL,DF,18,0,0,0,,0,0,0,0,0,,
Yago Santiago,es ESP,"FW,MF",20,0,0,0,,0,0,0,0,0,,
Alfie Whiteman,eng ENG,GK,24,0,0,0,,0,0,0,0,0,,
Squad Total,,,25,38,418,3420,38.0,69,58,2,92,4,68.2,66.7
Opponent Total,,,26,38,418,3420,38.0,58,39,7,100,4,63.4,58.4
Conor Gallagher,eng ENG,MF,23,37,37,3128,34.8,5,7,0,9,1,4.2,4.2
MoisÃ©s Caicedo,ec ECU,MF,21,35,33,2866,31.8,1,3,0,11,0,0.4,0.4
Nicolas Jackson,sn SEN,FW,22,35,31,2799,31.1,14,5,0,10,0,18.6,18.6
Cole Palmer,eng ENG,"FW,MF",21,33,29,2607,29.0,22,11,9,7,0,18.2,11.1
Axel Disasi,fr FRA,DF,25,31,29,2579,28.7,2,0,0,6,0,2.4,2.4
Thiago Silva,br BRA,DF,38,31,28,2527,28.1,3,1,0,4,0,0.8,0.8
Enzo FernÃ¡ndez,ar ARG,MF,22,28,26,2209,24.5,3,2,1,7,0,6.2,4.6
ÄorÄ‘e PetroviÄ‡,rs SRB,GK,23,23,22,1987,22.1,0,0,0,2,0,0.0,0.0
Raheem Sterling,eng ENG,"FW,MF",28,31,22,1978,22.0,8,4,0,7,0,6.5,6.5
Levi Colwill,eng ENG,DF,20,23,20,1797,20.0,1,1,0,2,0,1.3,1.3
Marc Cucurella,es ESP,DF,25,21,20,1782,19.8,0,2,0,10,0,1.1,1.1
Malo Gusto,fr FRA,DF,20,27,19,1751,19.5,0,6,0,7,1,0.9,0.9
Mykhailo Mudryk,ua UKR,FW,22,31,18,1576,17.5,5,2,0,5,0,4.4,4.4
Robert SÃ¡nchez,es ESP,GK,25,16,16,1433,15.9,0,0,0,2,0,0.0,0.0
BenoÃ®t Badiashile,fr FRA,DF,22,18,15,1338,14.9,0,1,0,3,0,0.3,0.3
Noni Madueke,eng ENG,FW,21,23,13,1053,11.7,5,2,1,2,0,2.5,1.7
Trevoh Chalobah,eng ENG,DF,24,13,10,952,10.6,1,0,0,1,0,0.2,0.2
Ben Chilwell,eng ENG,DF,26,13,9,756,8.4,0,1,0,5,0,1.2,1.2
Armando Broja,al ALB,FW,21,13,6,454,5.0,1,0,0,0,0,2.4,2.4
Reece James,eng ENG,DF,23,10,5,419,4.7,0,2,0,2,2,0.3,0.3
Lesley Ugochukwu,fr FRA,MF,19,12,3,301,3.3,0,0,0,2,0,0.0,0.0
Christopher Nkunku,fr FRA,"FW,MF",25,11,2,443,4.9,3,0,0,0,0,2.3,2.3
Carney Chukwuemeka,eng ENG,"MF,FW",19,9,2,227,2.5,1,1,0,2,0,0.2,0.2
Alfie Gilchrist,eng ENG,DF,19,11,2,207,2.3,1,0,0,1,0,0.3,0.3
Ian Maatsen,nl NED,"FW,MF",21,12,1,209,2.3,0,0,0,1,0,0.8,0.8
Cesare Casadei,it ITA,"FW,MF",20,11,0,79,0.9,0,0,0,0,0,0.0,0.0
RomÃ©o Lavia,be BEL,MF,19,1,0,33,0.4,0,0,0,0,0,0.0,0.0
Deivid Washington,br BRA,"DF,FW",18,2,0,13,0.1,0,0,0,0,0,0.5,0.5
Mason Burstow,eng ENG,FW,19,2,0,9,0.1,0,0,0,0,0,0.0,0.0
Joshua Acheampong,eng ENG,DF,17,1,0,6,0.1,0,0,0,0,0,0.0,0.0
Alex Matos,eng ENG,MF,18,1,0,1,0.0,0,0,0,0,0,0.0,0.0
Jimi Tauriainen,eng ENG,FW,19,1,0,1,0.0,0,0,0,0,0,0.0,0.0
Marcus Bettinelli,eng ENG,GK,31,0,0,0,0.0,0,0,0,1,0,,
Eddie Beach,wls WAL,GK,19,0,0,0,,0,0,0,0,0,,
Lucas BergstrÃ¶m,fi FIN,GK,20,0,0,0,,0,0,0,0,0,,
Joshua Brooking,eng ENG,DF,20,0,0,0,,0,0,0,0,0,,
Leo Castledine,eng ENG,MF,17,0,0,0,,0,0,0,0,0,,
Ted Curd,eng ENG,GK,17,0,0,0,,0,0,0,0,0,,
Kiano Dyer,eng ENG,MF,16,0,0,0,,0,0,0,0,0,,
Tyrique George,eng ENG,FW,17,0,0,0,,0,0,0,0,0,,
Ollie Harrison,eng ENG,MF,15,0,0,0,,0,0,0,0,0,,
Bashir Humphreys,eng ENG,DF,20,0,0,0,,0,0,0,0,0,,
Diego Moreira,pt POR,MF,18,0,0,0,,0,0,0,0,0,,
IshÃ© Samuels-Smith,eng ENG,DF,17,0,0,0,,0,0,0,0,0,,
Andrey Santos,br BRA,MF,19,0,0,0,,0,0,0,0,0,,
Teddy Sharman,eng ENG,GK,20,0,0,0,,0,0,0,0,0,,
Zak Sturge,eng ENG,DF,19,0,0,0,,0,0,0,0,0,,
Ronnie Stutter,eng ENG,FW,18,0,0,0,,0,0,0,0,0,,
Squad Total,,,24,38,418,3420,38.0,76,51,11,109,4,74.5,65.1
Opponent Total,,,26,38,418,3420,38.0,60,43,3,100,4,58.1,54.1
Bruno GuimarÃ£es,br BRA,MF,25,0,37,3263,36.3,7,8,0,9,0,4.8,4.8
Fabian SchÃ¤r,ch SUI,DF,31,0,35,3054,33.9,4,1,0,5,0,2.5,2.5
Anthony Gordon,eng ENG,FW,22,0,34,2890,32.1,11,10,1,12,1,10.2,9.4
Dan Burn,eng ENG,DF,31,0,32,2726,30.3,2,2,0,4,0,3.1,3.1
Sean Longstaff,eng ENG,MF,25,0,30,2747,30.5,6,2,0,7,0,6.6,6.6
Alexander Isak,se SWE,FW,23,0,27,2255,25.1,21,2,5,1,0,20.3,15.6
Kieran Trippier,eng ENG,DF,32,0,26,2236,24.8,1,10,0,5,0,0.7,0.7
Miguel AlmirÃ³n,py PAR,FW,29,0,23,1937,21.5,3,1,0,2,0,4.5,4.5
Martin DÃºbravka,sk SVK,GK,34,0,22,1985,22.1,0,0,0,1,0,0.0,0.0
Sven Botman,nl NED,DF,23,0,15,1377,15.3,2,2,0,2,0,0.6,0.6
Nick Pope,eng ENG,GK,31,0,15,1345,14.9,0,0,0,1,0,0.0,0.0
Joelinton,br BRA,"MF,FW",26,0,15,1279,14.2,2,1,0,6,0,3.1,3.1
Lewis Miley,eng ENG,MF,17,0,14,1202,13.4,1,3,0,1,0,1.2,1.2
Jacob Murphy,eng ENG,"FW,DF",28,0,14,1189,13.2,3,7,0,1,0,2.1,2.1
Jamaal Lascelles,eng ENG,DF,29,0,13,1080,12.0,1,0,0,4,0,0.7,0.7
Valentino Livramento,eng ENG,DF,20,0,12,1314,14.6,1,0,0,1,0,0.4,0.4
Elliot Anderson,sct SCO,"MF,FW",20,0,10,1027,11.4,0,2,0,3,0,1.5,1.5
Callum Wilson,eng ENG,FW,31,0,9,991,11.0,9,1,2,3,0,8.8,7.2
Emil Krafth,se SWE,DF,28,0,8,913,10.1,0,0,0,2,0,0.2,0.2
Lewis Hall,eng ENG,DF,18,0,8,781,8.7,1,0,0,2,0,0.3,0.3
Harvey Barnes,eng ENG,"FW,MF",25,0,7,802,8.9,5,3,0,2,0,3.6,3.6
Sandro Tonali,it ITA,MF,23,0,5,438,4.9,1,0,0,2,0,0.7,0.7
Joe Willock,eng ENG,MF,23,0,5,419,4.7,1,0,0,0,0,0.8,0.8
Loris Karius,de GER,GK,30,0,1,90,1.0,0,0,0,0,0,0.0,0.0
Matt Targett,eng ENG,DF,27,0,1,78,0.9,0,0,0,1,0,0.0,0.0
Matt Ritchie,sct SCO,"FW,MF",33,0,0,128,1.4,1,0,0,1,0,1.0,1.0
Ben Parkinson,eng ENG,FW,18,0,0,25,0.3,0,0,0,0,0,0.0,0.0
Paul Dummett,wls WAL,DF,31,0,0,20,0.2,0,0,0,0,0,0.0,0.0
Alex Murphy,ie IRL,"DF,FW",19,0,0,13,0.1,0,0,0,0,0,0.0,0.0
Joe White,eng ENG,MF,20,0,0,13,0.1,0,0,0,1,0,0.0,0.0
Amadou Diallo,eng ENG,MF,20,0,0,1,0.0,0,0,0,0,0,0.0,0.0
Michael Ndiweni,eng ENG,FW,19,0,0,1,0.0,0,0,0,0,0,0.0,0.0
Mark Gillespie,eng ENG,GK,31,0,0,0,,0,0,0,0,0,,
Travis Hearnes,eng ENG,MF,17,0,0,0,,0,0,0,0,0,,
Javier Manquillo,es ESP,DF,29,0,0,0,,0,0,0,0,0,,
Squad Total,,,27,0,418,3420,38.0,83,55,8,79,1,76.0,69.0
Opponent Total,,,26,0,418,3420,38.0,61,47,4,97,3,61.4,57.4
AndrÃ© Onana,cm CMR,GK,27,38,38,3420,38.0,0,0,0,5,0,0.0,0.0
Diogo Dalot,pt POR,DF,24,36,35,3174,35.3,2,3,0,6,1,1.7,1.7
Bruno Fernandes,pt POR,"MF,FW",28,35,35,3118,34.6,10,8,4,9,0,10.0,6.1
Alejandro Garnacho,ar ARG,FW,19,36,30,2565,28.5,7,4,0,4,0,8.4,8.3
Marcus Rashford,eng ENG,FW,25,33,26,2271,25.2,7,2,2,2,0,7.4,5.8
Rasmus HÃ¸jlund,dk DEN,FW,20,30,25,2158,24.0,10,2,0,2,0,7.6,7.6
Casemiro,br BRA,"MF,DF",31,25,24,1982,22.0,1,2,0,7,0,3.5,3.5
Kobbie Mainoo,eng ENG,MF,18,24,24,1924,21.4,3,1,0,3,0,0.9,0.9
Aaron Wan-Bissaka,eng ENG,DF,25,22,20,1780,19.8,0,2,0,4,0,0.1,0.1
Scott McTominay,sct SCO,"MF,FW",26,32,18,1901,21.1,7,1,0,2,0,5.7,5.7
Harry Maguire,eng ENG,DF,30,22,18,1653,18.4,2,2,0,4,0,2.0,2.0
RaphaÃ«l Varane,fr FRA,DF,30,22,16,1375,15.3,1,0,0,2,0,1.3,1.3
Jonny Evans,nir NIR,DF,35,23,15,1392,15.5,0,1,0,2,0,0.1,0.1
Antony,br BRA,FW,23,29,15,1324,14.7,1,1,0,5,0,3.4,3.4
Victor LindelÃ¶f,se SWE,DF,29,19,14,1328,14.8,1,1,0,2,0,0.8,0.8
Christian Eriksen,dk DEN,MF,31,22,12,1141,12.7,1,2,0,1,0,1.0,1.0
Luke Shaw,eng ENG,DF,28,12,12,959,10.7,0,0,0,6,0,0.0,0.0
Sofyan Amrabat,ma MAR,"MF,DF",26,21,10,938,10.4,0,0,0,6,0,0.1,0.1
Lisandro MartÃ­nez,ar ARG,DF,25,11,8,646,7.2,0,1,0,3,0,0.0,0.0
Mason Mount,eng ENG,"MF,FW",24,14,5,516,5.7,1,0,0,2,0,0.4,0.4
Anthony Martial,fr FRA,FW,27,13,5,448,5.0,1,0,0,0,0,1.2,1.2
Sergio ReguilÃ³n,es ESP,DF,26,9,4,412,4.6,0,0,0,3,0,0.2,0.2
Amad Diallo,ci CIV,"FW,MF",21,9,3,390,4.3,1,1,0,1,0,0.5,0.5
Willy Kambwala,fr FRA,DF,18,8,3,330,3.7,0,0,0,1,0,0.0,0.0
Facundo Pellistri,uy URU,"FW,MF",21,9,1,172,1.9,0,1,0,0,0,0.7,0.7
Hannibal Mejbri,tn TUN,"MF,FW",20,5,1,133,1.5,1,0,0,1,0,0.0,0.0
Omari Forson,eng ENG,FW,19,4,1,70,0.8,0,1,0,0,0,0.0,0.0
Jadon Sancho,eng ENG,"FW,MF",23,3,0,79,0.9,0,0,0,0,0,0.0,0.0
Ethan Wheatley,eng ENG,FW,17,3,0,16,0.2,0,0,0,0,0,0.0,0.0
Donny van de Beek,nl NED,DF,26,1,0,3,0.0,0,0,0,0,0,0.0,0.0
Daniel Gore,eng ENG,MF,18,1,0,1,0.0,0,0,0,0,0,0.0,0.0
Harry Amass,eng ENG,DF,16,0,0,0,,0,0,0,0,0,,
Altay BayÄ±ndÄ±r,tr TUR,GK,25,0,0,0,,0,0,0,0,0,,
Rhys Bennett,eng ENG,DF,19,0,0,0,,0,0,0,0,0,,
Ãlvaro Carreras,es ESP,"DF,MF",20,0,0,0,,0,0,0,0,0,,
Toby Collyer,eng ENG,MF,19,0,0,0,,0,0,0,0,0,,
Tom Heaton,eng ENG,GK,37,0,0,0,,0,0,0,0,0,,
Dean Henderson,eng ENG,GK,26,0,0,0,,0,0,0,0,0,,
Joe Hugill,eng ENG,FW,19,0,0,0,,0,0,0,0,0,,
Louis Jackson,sct SCO,DF,17,0,0,0,,0,0,0,0,0,,
Dermot Mee,nir NIR,GK,20,0,0,0,,0,0,0,0,0,,
Habeeb Ogunneye,eng ENG,DF,18,0,0,0,,0,0,0,0,0,,
Radek VÃ­tek,,GK,19,0,0,0,,0,0,0,0,0,,
Squad Total,,,26,38,418,3420,38.0,57,36,6,83,1,56.5,51.0
Opponent Total,,,26,38,418,3420,38.0,57,39,7,85,1,68.9,63.4
VladimÃ­r Coufal,cz CZE,DF,30,36,36,3132,34.8,0,7,0,7,1,0.3,0.3
Emerson Palmieri,it ITA,DF,28,36,35,3137,34.9,1,2,0,10,0,1.5,1.5
Jarrod Bowen,eng ENG,FW,26,34,34,3019,33.5,16,6,0,2,0,11.6,11.6
James Ward-Prowse,eng ENG,MF,28,37,34,3001,33.3,7,7,2,4,0,6.0,4.4
TomÃ¡Å¡ SouÄek,cz CZE,MF,28,37,34,2870,31.9,7,2,0,7,0,6.7,6.7
Kurt Zouma,fr FRA,DF,28,33,32,2838,31.5,3,0,0,3,0,1.8,1.8
Alphonse Areola,fr FRA,GK,30,31,31,2699,30.0,0,0,0,1,0,0.0,0.0
Lucas PaquetÃ¡,br BRA,"FW,MF",25,31,31,2622,29.1,4,6,2,10,0,5.4,3.8
Edson Ãlvarez,mx MEX,MF,25,31,28,2377,26.4,1,1,0,11,0,1.3,1.3
Mohammed Kudus,gh GHA,"FW,MF",22,33,27,2484,27.6,8,6,0,6,0,5.1,5.1
Nayef Aguerd,ma MAR,DF,27,21,21,1857,20.6,1,0,0,3,1,1.5,1.5
Michail Antonio,jm JAM,FW,33,26,21,1695,18.8,6,2,0,6,0,5.8,5.8
Konstantinos Mavropanos,gr GRE,DF,25,19,16,1500,16.7,1,0,0,2,0,1.2,1.2
Åukasz FabiaÅ„ski,pl POL,GK,38,10,7,721,8.0,0,0,0,0,0,0.0,0.0
Angelo Ogbonna,it ITA,DF,35,11,7,635,7.1,0,0,0,1,0,0.0,0.0
SaÃ¯d Benrahma,dz ALG,"FW,MF",27,13,5,620,6.9,0,1,0,1,0,1.8,1.0
Ben Johnson,eng ENG,"DF,FW",23,14,4,544,6.0,0,0,0,1,0,0.2,0.2
Aaron Cresswell,eng ENG,"DF,FW",33,11,4,436,4.8,0,0,0,1,0,0.0,0.0
Pablo Fornals,es ESP,"MF,FW",27,15,4,426,4.7,0,0,0,0,0,0.3,0.3
Danny Ings,eng ENG,FW,31,20,3,404,4.5,1,0,0,1,0,1.3,1.3
Kalvin Phillips,eng ENG,MF,27,8,3,309,3.4,0,0,0,3,1,0.1,0.1
Maxwel Cornet,ci CIV,"MF,FW",26,7,1,112,1.2,1,0,0,0,0,0.4,0.4
Divin Mubama,eng ENG,FW,18,5,0,80,0.9,0,0,0,0,0,0.1,0.1
George Earthy,eng ENG,FW,18,3,0,34,0.4,1,0,0,0,0,0.3,0.3
Thilo Kehrer,de GER,"DF,MF",26,4,0,22,0.2,0,0,0,2,0,0.0,0.0
Kaelan Casey,eng ENG,DF,18,1,0,1,0.0,0,0,0,0,0,0.0,0.0
Joseph Anang,eng ENG,GK,23,0,0,0,,0,0,0,0,0,,
Conor Coventry,ie IRL,MF,23,0,0,0,,0,0,0,0,0,,
Levi Laing,eng ENG,DF,20,0,0,0,,0,0,0,0,0,,
Callum Marshall,nir NIR,DF,18,0,0,0,,0,0,0,0,0,,
Lewis Orford,eng ENG,MF,17,0,0,0,,0,0,0,0,0,,
Oliver Scarles,eng ENG,DF,17,0,0,0,,0,0,0,0,0,,
Squad Total,,,28,38,418,3420,38.0,58,40,4,82,3,52.3,48.4
Opponent Total,,,26,38,418,3420,38.0,70,51,8,71,2,71.1,63.2
Joachim Andersen,dk DEN,DF,27,0,38,3415,37.9,2,3,0,7,0,1.7,1.7
Tyrick Mitchell,eng ENG,"DF,MF",23,0,37,3204,35.6,2,3,0,6,0,1.6,1.6
Jordan Ayew,gh GHA,"FW,MF",31,0,30,2543,28.3,4,7,0,9,1,3.9,3.9
Jefferson Lerma,co COL,"MF,DF",28,0,27,2400,26.7,1,1,0,8,0,2.7,2.7
Jean-Philippe Mateta,fr FRA,FW,26,0,25,2282,25.4,16,5,2,3,0,10.9,9.4
Eberechi Eze,eng ENG,"MF,FW",25,0,24,2055,22.8,11,4,1,3,0,9.1,8.3
Chris Richards,us USA,"DF,MF",23,0,23,2094,23.3,1,1,0,3,0,0.6,0.6
Marc GuÃ©hi,eng ENG,DF,23,0,23,2021,22.5,0,1,0,2,0,0.6,0.6
Joel Ward,eng ENG,DF,33,0,23,1980,22.0,0,1,0,4,0,0.9,0.9
Will Hughes,eng ENG,MF,28,0,23,1891,21.0,0,1,0,6,0,0.3,0.3
Sam Johnstone,eng ENG,GK,30,0,20,1796,20.0,0,0,0,1,0,0.0,0.0
Dean Henderson,eng ENG,GK,26,0,18,1620,18.0,0,0,0,2,0,0.0,0.0
Odsonne Ã‰douard,fr FRA,"FW,MF",25,0,17,1555,17.3,7,0,0,4,0,6.2,6.2
Jeffrey Schlupp,gh GHA,"FW,MF",30,0,17,1352,15.0,2,2,0,1,0,1.8,1.8
Daniel MuÃ±oz,co COL,"DF,MF",27,0,16,1439,16.0,0,4,0,4,0,1.2,1.2
Adam Wharton,eng ENG,MF,19,0,15,1297,14.4,0,3,0,2,0,0.3,0.3
Nathaniel Clyne,eng ENG,DF,32,0,14,1338,14.9,0,0,0,0,0,0.2,0.2
Michael Olise,fr FRA,"FW,MF",21,0,14,1275,14.2,10,6,1,0,0,5.5,4.7
Cheick DoucourÃ©,ml MLI,MF,23,0,11,919,10.2,0,0,0,2,0,0.3,0.3
JaÃ¯ro Riedewald,nl NED,"MF,FW",26,0,2,235,2.6,0,0,0,0,0,0.0,0.0
Matheus FranÃ§a,br BRA,"MF,FW",19,0,1,232,2.6,0,1,0,1,0,0.4,0.4
Naouirou Ahamada,fr FRA,"MF,FW",21,0,0,349,3.9,0,0,0,4,1,0.5,0.5
David Ozoh,eng ENG,"MF,DF",18,0,0,156,1.7,0,0,0,1,0,0.0,0.0
Jesurun Rak Sakyi,eng ENG,"MF,FW",20,0,0,136,1.5,0,0,0,0,0,0.4,0.4
James Tomkins,eng ENG,DF,34,0,0,10,0.1,0,0,0,0,0,0.0,0.0
Remi Matthews,eng ENG,GK,29,0,0,4,0.0,0,0,0,0,0,0.0,0.0
Tayo Adaramola,ie IRL,DF,19,0,0,0,,0,0,0,0,0,,
Malcolm Ebiowei,eng ENG,MF,19,0,0,0,,0,0,0,0,0,,
John-Kymani Gordon,eng ENG,"FW,MF",20,0,0,0,,0,0,0,0,0,,
Rob Holding,eng ENG,DF,27,0,0,0,,0,0,0,0,0,,
Roshaun Mathurin,eng ENG,FW,19,0,0,0,,0,0,0,0,0,,
Ademola Ola-Adebomi,eng ENG,FW,19,0,0,0,,0,0,0,0,0,,
Luke Plange,eng ENG,FW,20,0,0,0,,0,0,0,0,0,,
Jadan Raymond,wls WAL,MF,19,0,0,0,,0,0,0,0,0,,
Kaden Rodney,eng ENG,DF,18,0,0,0,,0,0,0,0,0,,
Franco Umeh-Chibueze,ie IRL,MF,18,0,0,0,,0,0,0,0,0,,
Joseph Whitworth,eng ENG,GK,19,0,0,0,,0,0,0,0,0,,
Squad Total,,,26,0,418,3420,38.0,56,43,4,73,2,48.6,45.4
Opponent Total,,,26,0,418,3420,38.0,56,46,3,78,2,52.0,49.6
Pascal GroÃŸ,de GER,"MF,DF",32,36,34,3114,34.6,4,10,1,6,0,6.5,5.7
Lewis Dunk,eng ENG,DF,31,33,33,2869,31.9,3,1,0,7,1,3.1,3.1
Jan Paul van Hecke,nl NED,DF,23,28,26,2369,26.3,0,0,0,4,0,1.2,1.2
Simon Adingra,ci CIV,FW,21,31,25,2222,24.7,6,1,0,3,0,4.3,4.3
Billy Gilmour,sct SCO,MF,22,30,24,2120,23.6,0,1,0,8,1,1.0,1.0
Bart Verbruggen,nl NED,GK,20,21,21,1890,21.0,0,0,0,3,0,0.0,0.0
Danny Welbeck,eng ENG,"FW,MF",32,29,21,1693,18.8,5,1,0,4,0,5.3,5.3
JoÃ£o Pedro,br BRA,"FW,MF",21,31,19,2045,22.7,9,3,4,2,0,11.9,7.9
Igor,br BRA,DF,25,24,17,1637,18.2,0,0,0,4,0,0.3,0.3
JoÃ«l Veltman,nl NED,DF,31,27,17,1588,17.6,1,1,0,4,0,0.4,0.4
Jason Steele,eng ENG,GK,32,17,17,1530,17.0,0,0,0,0,0,0.0,0.0
Facundo Buonanotte,ar ARG,"FW,MF",18,27,17,1364,15.2,3,1,0,7,0,2.4,2.4
Kaoru Mitoma,jp JPN,FW,26,19,15,1486,16.5,3,4,0,4,0,3.5,3.5
Evan Ferguson,ie IRL,FW,18,27,15,1367,15.2,6,0,0,1,0,4.6,4.6
Carlos Baleba,cm CMR,MF,19,27,15,1325,14.7,0,0,0,7,0,0.8,0.8
Pervis EstupiÃ±Ã¡n,ec ECU,DF,25,19,15,1243,13.8,2,3,0,4,0,1.0,1.0
Adam Webster,eng ENG,DF,28,15,13,1144,12.7,0,0,0,2,0,0.4,0.4
Adam Lallana,eng ENG,"MF,FW",35,25,13,850,9.4,0,1,0,2,0,0.8,0.8
James Milner,eng ENG,"DF,MF",37,15,11,773,8.6,0,2,0,3,0,0.3,0.3
Tariq Lamptey,gh GHA,"DF,FW",22,19,10,914,10.2,0,3,0,3,0,0.4,0.4
Jack Hinshelwood,eng ENG,DF,18,12,8,869,9.7,3,0,0,1,0,1.9,1.9
Solly March,eng ENG,"FW,DF",29,7,7,554,6.2,3,1,0,1,0,2.0,2.0
Jakub Moder,pl POL,"MF,DF",24,17,6,618,6.9,0,0,0,2,0,0.6,0.6
Mahmoud Dahoud,de GER,MF,27,9,6,452,5.0,0,1,0,1,1,0.2,0.2
Julio Enciso,py PAR,"MF,FW",19,12,5,475,5.3,0,2,0,2,0,1.4,1.4
Ansu Fati,es ESP,"MF,FW",20,19,3,521,5.8,2,0,0,2,0,3.4,3.4
ValentÃ­n Barco,ar ARG,"DF,FW",19,6,3,307,3.4,0,0,0,1,0,0.2,0.2
Odeluga Offiah,eng ENG,DF,20,4,1,128,1.4,0,0,0,0,0,0.0,0.0
Mark O'Mahony,ie IRL,FW,18,3,1,63,0.7,0,0,0,1,0,0.1,0.1
Benicio Boaitey,eng ENG,"FW,DF",19,5,0,40,0.4,0,0,0,1,0,0.0,0.0
Steven Alzate,co COL,MF,24,0,0,0,,0,0,0,0,0,,
Bigo Atom,de GER,DF,18,0,0,0,,0,0,0,0,0,,
Luca Barrington,eng ENG,MF,18,0,0,0,,0,0,0,0,0,,
Samy Chouchane,tn TUN,MF,19,0,0,0,,0,0,0,0,0,,
Josh Duffus,eng ENG,MF,18,0,0,0,,0,0,0,0,0,,
Ben Jackson,eng ENG,DF,19,0,0,0,,0,0,0,0,0,,
Leigh Kavanagh,ie IRL,DF,19,0,0,0,,0,0,0,0,0,,
Cameron Peupion,au AUS,MF,20,0,0,0,,0,0,0,0,0,,
Imari Samuels,eng ENG,DF,20,0,0,0,,0,0,0,0,0,,
Squad Total,,,25,38,418,3420,38.0,50,36,5,90,3,56.8,52.2
Opponent Total,,,26,38,418,3420,38.0,60,42,6,99,5,55.4,50.7
Illia Zabarnyi,ua UKR,DF,20,0,37,3330,37.0,1,0,0,5,0,1.1,1.1
Dominic Solanke,eng ENG,FW,25,0,37,3325,36.9,19,3,2,3,0,19.6,17.2
Ryan Christie,sct SCO,MF,28,0,35,2907,32.3,0,5,0,6,0,2.3,2.3
Neto,br BRA,GK,34,0,32,2880,32.0,0,0,0,5,0,0.0,0.0
Lewis Cook,eng ENG,MF,26,0,32,2786,31.0,0,3,0,5,1,0.4,0.4
Marcos Senesi,ar ARG,DF,26,0,26,2242,24.9,4,5,0,13,0,2.0,2.0
Justin Kluivert,nl NED,"MF,FW",24,0,26,1916,21.3,7,1,0,5,0,6.2,6.2
Adam Smith,eng ENG,DF,32,0,25,2150,23.9,0,2,0,6,0,0.1,0.1
Marcus Tavernier,eng ENG,FW,24,0,25,2118,23.5,3,4,0,3,0,3.9,3.9
Antoine Semenyo,gh GHA,FW,23,0,25,2105,23.4,8,2,0,6,0,4.6,4.6
Milos Kerkez,hu HUN,DF,19,0,22,1970,21.9,0,1,0,4,1,1.2,1.2
Lloyd Kelly,eng ENG,DF,24,0,17,1559,17.3,0,1,0,2,0,0.3,0.3
Philip Billing,dk DEN,MF,27,0,13,1398,15.5,2,2,0,3,1,2.5,2.5
Max Aarons,eng ENG,DF,23,0,13,1237,13.7,0,1,0,1,0,0.0,0.0
Dango Ouattara,bf BFA,"FW,DF",21,0,12,1229,13.7,1,2,0,3,0,2.6,2.6
Alex Scott,eng ENG,MF,19,0,11,1014,11.3,1,1,0,3,0,0.7,0.7
Luis Sinisterra,co COL,"FW,MF",24,0,7,699,7.8,2,2,0,0,0,2.5,2.5
Chris Mepham,wls WAL,DF,25,0,6,617,6.9,0,1,0,2,0,0.1,0.1
Mark Travers,ie IRL,GK,24,0,4,360,4.0,0,0,0,0,0,0.0,0.0
Joe Rothwell,eng ENG,MF,28,0,3,386,4.3,0,0,0,0,0,0.1,0.1
Enes Ãœnal,tr TUR,"FW,MF",26,0,2,328,3.6,2,2,0,1,0,2.9,2.9
David Brooks,wls WAL,"FW,MF",26,0,2,282,3.1,1,1,0,1,0,2.2,2.2
IonuÈ› Radu,ro ROU,GK,26,0,2,180,2.0,0,0,0,0,0,0.0,0.0
Jaidon Anthony,eng ENG,FW,23,0,2,152,1.7,0,0,0,1,0,0.1,0.1
Tyler Adams,us USA,MF,24,0,1,121,1.3,0,0,0,0,0,0.0,0.0
James Hill,eng ENG,DF,21,0,1,76,0.8,0,0,0,0,0,0.0,0.0
Kieffer Moore,wls WAL,"FW,MF",30,0,0,108,1.2,1,0,0,0,0,1.5,1.5
Hamed Junior TraorÃ¨,ci CIV,MF,23,0,0,47,0.5,0,0,0,0,0,0.2,0.2
Romain Faivre,fr FRA,"MF,FW",25,0,0,41,0.5,0,0,0,1,0,0.2,0.2
Dominic Sadi,eng ENG,FW,19,0,0,1,0.0,0,0,0,0,0,0.0,0.0
Michael DaCosta,es ESP,FW,18,0,0,0,,0,0,0,0,0,,
Ben Greenwood,ie IRL,DF,20,0,0,0,,0,0,0,0,0,,
Gavin Kilkenny,ie IRL,MF,23,0,0,0,,0,0,0,0,0,,
Emiliano Marcondes,dk DEN,"FW,MF",28,0,0,0,,0,0,0,0,0,,
Callan Mckenna,sct SCO,GK,16,0,0,0,,0,0,0,0,0,,
Darren Randolph,ie IRL,GK,36,0,0,0,,0,0,0,0,0,,
Maxwell Wellings,eng ENG,DF,18,0,0,0,,0,0,0,0,0,,
Squad Total,,,25,0,418,3420,38.0,52,39,2,79,3,55.9,53.6
Opponent Total,,,26,0,418,3420,38.0,66,44,6,82,2,58.1,52.5
Bernd Leno,de GER,GK,31,38,38,3420,38.0,0,0,0,3,0,0.0,0.0
Antonee Robinson,us USA,DF,25,37,37,3265,36.3,0,6,0,6,0,0.7,0.7
Andreas Pereira,br BRA,MF,27,37,34,2613,29.0,3,7,0,6,0,4.6,4.6
JoÃ£o Palhinha,pt POR,MF,28,33,31,2699,30.0,4,1,0,13,0,3.3,3.3
Timothy Castagne,be BEL,DF,27,34,29,2634,29.3,1,3,0,3,0,1.6,1.6
Calvin Bassey,ng NGA,DF,23,29,25,2303,25.6,1,0,0,6,1,0.3,0.3
Alex Iwobi,ng NGA,"FW,MF",27,30,25,2192,24.4,5,2,0,2,0,5.3,5.3
Willian,br BRA,FW,34,31,24,2053,22.8,4,2,2,1,0,5.1,3.6
Tosin Adarabioyo,eng ENG,DF,25,20,18,1617,18.0,2,0,0,2,0,0.7,0.7
Rodrigo Muniz,br BRA,FW,22,26,18,1593,17.7,9,1,0,1,0,8.7,8.7
RaÃºl JimÃ©nez,mx MEX,FW,32,24,18,1395,15.5,7,0,0,3,1,5.2,5.2
Tim Ream,us USA,DF,35,18,17,1503,16.7,1,0,0,4,1,1.0,1.0
Bobby Reid,jm JAM,FW,30,33,17,1423,15.8,6,2,0,4,0,4.6,4.6
Harry Wilson,wls WAL,FW,26,35,16,1620,18.0,4,6,0,6,0,3.4,3.4
Issa Diop,fr FRA,DF,26,18,16,1424,15.8,0,0,0,4,1,0.3,0.3
Harrison Reed,eng ENG,MF,28,27,15,1325,14.7,0,2,0,6,0,0.3,0.3
Tom Cairney,sct SCO,MF,32,34,14,1488,16.5,1,4,0,3,0,1.1,1.1
SaÅ¡a LukiÄ‡,rs SRB,MF,26,24,13,1122,12.5,1,0,0,3,0,1.6,1.6
Kenny Tete,nl NED,DF,27,14,10,867,9.6,1,0,0,2,0,0.9,0.9
Carlos VinÃ­cius,br BRA,FW,28,13,2,315,3.5,2,0,0,2,0,1.6,1.6
Adama TraorÃ©,es ESP,"FW,MF",27,17,1,377,4.2,2,3,0,2,0,1.5,1.5
Armando Broja,al ALB,FW,21,8,0,88,1.0,0,1,0,0,0,0.0,0.0
Luke Harris,wls WAL,MF,18,1,0,75,0.8,0,0,0,0,0,0.3,0.3
FodÃ© Ballo-TourÃ©,sn SEN,"DF,MF",26,6,0,71,0.8,0,0,0,1,0,0.0,0.0
Aleksandar MitroviÄ‡,rs SRB,FW,28,1,0,33,0.4,0,0,0,0,0,0.2,0.2
Marek RodÃ¡k,sk SVK,GK,26,0,0,0,0.0,0,0,0,1,0,,
Luc De Fougerolles,ca CAN,DF,17,0,0,0,,0,0,0,0,0,,
Matt Dibley-Dias,nz NZL,MF,19,0,0,0,,0,0,0,0,0,,
Tyrese Francois,au AUS,MF,23,0,0,0,,0,0,0,0,0,,
Joshua King,eng ENG,MF,16,0,0,0,,0,0,0,0,0,,
Kevin Mbabu,ch SUI,DF,28,0,0,0,,0,0,0,0,0,,
Kristian Sekularac,ch SUI,MF,19,0,0,0,,0,0,0,0,0,,
Jay Stansfield,eng ENG,"FW,MF",20,0,0,0,,0,0,0,0,0,,
Devan Tanton,co COL,DF,19,0,0,0,,0,0,0,0,0,,
Squad Total,,,28,38,418,3420,38.0,54,40,2,84,4,50.8,49.2
Opponent Total,,,26,38,418,3420,38.0,57,36,8,65,0,62.9,56.9
Max Kilman,eng ENG,DF,26,38,38,3420,38.0,2,0,0,7,0,1.8,1.8
NÃ©lson Semedo,pt POR,"DF,MF",29,36,36,3084,34.3,0,1,0,10,1,1.3,1.3
JosÃ© SÃ¡,pt POR,GK,30,35,35,3037,33.7,0,1,0,1,0,0.0,0.0
Mario Lemina,ga GAB,MF,29,35,34,2968,33.0,4,1,0,12,1,4.6,4.6
JoÃ£o Gomes,br BRA,MF,22,34,32,2649,29.4,2,1,0,11,0,1.7,1.7
Toti Gomes,pt POR,DF,24,35,31,2772,30.8,1,3,0,7,0,1.6,1.6
Matheus Cunha,br BRA,"FW,MF",24,32,29,2440,27.1,12,7,1,9,0,9.5,8.7
Rayan AÃ¯t-Nouri,dz ALG,"DF,MF",22,33,29,2329,25.9,2,1,0,7,0,3.3,3.3
Craig Dawson,eng ENG,DF,33,25,25,2209,24.5,1,1,0,7,0,1.5,1.5
Hwang Hee-chan,kr KOR,"FW,MF",27,29,25,2119,23.5,12,3,1,6,0,7.7,6.9
Pablo Sarabia,es ESP,"MF,FW",31,30,20,1745,19.4,4,7,2,5,0,5.5,3.9
Pedro Neto,pt POR,"FW,MF",23,20,18,1516,16.8,2,9,0,4,0,3.5,3.5
Tommy Doyle,eng ENG,MF,21,26,11,1222,13.6,0,0,0,2,0,0.4,0.4
Jean-Ricner Bellegarde,fr FRA,"MF,FW",25,22,10,958,10.6,2,1,0,0,1,1.6,1.6
Matt Doherty,ie IRL,"DF,MF",31,30,9,1150,12.8,1,0,0,2,0,0.8,0.8
Santiago Bueno,uy URU,DF,24,12,9,822,9.1,0,0,0,1,0,0.0,0.0
Boubacar TraorÃ©,ml MLI,MF,21,24,7,819,9.1,0,0,0,4,0,0.3,0.3
Hugo Bueno,es ESP,"DF,MF",20,22,7,741,8.2,0,0,0,1,0,0.3,0.3
Daniel Bentley,eng ENG,GK,30,5,3,383,4.3,0,0,0,0,0,0.0,0.0
FÃ¡bio Silva,pt POR,FW,21,8,3,264,2.9,0,0,0,2,0,1.0,1.0
Matheus Nunes,pt POR,MF,24,2,2,179,2.0,0,0,0,2,1,0.1,0.1
Leon Chiwome,eng ENG,FW,17,3,2,174,1.9,0,0,0,0,0,0.1,0.1
Nathan Fraser,ie IRL,FW,18,7,1,186,2.1,0,0,0,1,0,0.3,0.3
Sasa Kalajdzic,at AUT,FW,26,11,1,166,1.8,2,0,0,0,0,1.1,1.1
Tawanda Chirewa,zw ZIM,"MF,FW",19,8,1,145,1.6,0,0,0,1,0,0.2,0.2
Jonny Castro,es ESP,MF,29,1,0,5,0.1,0,0,0,0,0,0.0,0.0
Enso Gonzalez,py PAR,"MF,DF",18,1,0,1,0.0,0,0,0,0,0,0.0,0.0
Ty Barnett,eng ENG,FW,18,0,0,0,,0,0,0,0,0,,
Harvey Griffiths,eng ENG,MF,19,0,0,0,,0,0,0,0,0,,
Owen Hesketh,wls WAL,MF,20,0,0,0,,0,0,0,0,0,,
Joseph Hodge,ie IRL,MF,20,0,0,0,,0,0,0,0,0,,
Fletcher Holman,eng ENG,FW,18,0,0,0,,0,0,0,0,0,,
Justin Hubner,id IDN,DF,19,0,0,0,,0,0,0,0,0,,
Tom King,wls WAL,GK,28,0,0,0,,0,0,0,0,0,,
Noha Lemina,fr FRA,FW,18,0,0,0,,0,0,0,0,0,,
Yerson Mosquera,co COL,DF,22,0,0,0,,0,0,0,0,0,,
Temple Ojinnaka,it ITA,MF,18,0,0,0,,0,0,0,0,0,,
Wesley Okoduwa,eng ENG,FW,15,0,0,0,,0,0,0,0,0,,
Matthew Whittingham,eng ENG,MF,18,0,0,0,,0,0,0,0,0,,
Squad Total,,,26,38,418,3420,38.0,47,36,4,102,4,46.7,43.6
Opponent Total,,,26,38,418,3420,38.0,64,43,8,84,3,67.7,61.4
Jordan Pickford,eng ENG,GK,29,38,38,3420,38.0,0,0,0,5,0,0.0,0.0
James Tarkowski,eng ENG,DF,30,38,38,3419,38.0,1,1,0,11,0,2.6,2.6
Jarrad Branthwaite,eng ENG,DF,21,35,35,3116,34.6,3,0,0,8,0,1.7,1.7
James Garner,eng ENG,MF,22,37,34,3004,33.4,1,2,0,7,0,2.7,2.7
Dwight McNeil,eng ENG,"MF,FW",23,35,33,2892,32.1,3,6,0,2,0,3.4,3.4
Abdoulaye DoucourÃ©,ml MLI,"FW,MF",30,32,32,2629,29.2,7,1,0,7,0,8.8,8.8
Vitaliy Mykolenko,ua UKR,DF,24,28,28,2469,27.4,2,0,0,1,0,1.5,1.5
Ashley Young,eng ENG,"DF,MF",38,31,27,2280,25.3,0,0,0,7,1,0.6,0.6
Dominic Calvert-Lewin,eng ENG,FW,26,32,26,2171,24.1,7,2,2,2,0,12.9,11.4
Jack Harrison,eng ENG,"MF,FW",26,29,25,2214,24.6,3,3,0,1,0,3.6,3.6
Idrissa Gana Gueye,sn SEN,MF,33,25,24,1884,20.9,4,0,0,8,0,1.3,1.3
Amadou Onana,be BEL,MF,21,30,23,2091,23.2,2,0,0,5,0,2.0,2.0
Ben Godfrey,eng ENG,DF,25,15,13,1120,12.4,0,0,0,2,0,1.7,1.7
Nathan Patterson,sct SCO,DF,21,20,9,1005,11.2,0,2,0,4,0,0.3,0.3
Beto,gw GNB,FW,25,30,9,951,10.6,3,0,0,2,0,6.8,6.0
SÃ©amus Coleman,ie IRL,DF,34,12,7,665,7.4,0,0,0,0,0,0.0,0.0
Arnaut Danjuma,nl NED,"MF,FW",26,14,5,595,6.6,1,0,0,0,0,2.6,2.6
Michael Keane,eng ENG,DF,30,9,4,439,4.9,1,0,0,2,0,0.7,0.7
AndrÃ© Gomes,pt POR,"MF,FW",30,12,3,508,5.6,1,0,0,4,0,0.3,0.3
Alex Iwobi,ng NGA,MF,27,2,2,140,1.6,0,0,0,0,0,0.3,0.3
Lewis Dobbin,eng ENG,MF,20,12,1,232,2.6,1,0,0,1,0,0.3,0.3
Youssef Chermiti,pt POR,FW,19,18,1,208,2.3,0,0,0,3,0,0.7,0.7
Neal Maupay,fr FRA,FW,26,2,1,111,1.2,0,0,0,0,0,1.4,1.4
Thomas Cannon,ie IRL,FW,20,1,0,1,0.0,0,0,0,0,0,0.0,0.0
Tyler Onyango,eng ENG,MF,20,1,0,1,0.0,0,0,0,0,0,0.0,0.0
Lewis Warrington,eng ENG,FW,20,1,0,1,0.0,0,0,0,0,0,0.0,0.0
Elijah Campbell,eng ENG,DF,18,0,0,0,,0,0,0,0,0,,
William Crellin,eng ENG,GK,23,0,0,0,,0,0,0,0,0,,
Mackenzie Hunt,eng ENG,DF,21,0,0,0,,0,0,0,0,0,,
Andy Lonergan,ie IRL,GK,39,0,0,0,,0,0,0,0,0,,
Jenson Metcalfe,eng ENG,MF,18,0,0,0,,0,0,0,0,0,,
JoÃ£o VirgÃ­nia,pt POR,GK,23,0,0,0,,0,0,0,0,0,,
Squad Total,,,27,38,418,3420,38.0,40,17,2,82,1,54.0,51.6
Opponent Total,,,26,38,418,3420,38.0,48,30,8,61,2,55.2,49.1
Mark Flekken,nl NED,GK,30,0,37,3285,36.5,0,1,0,3,0,0.0,0.0
Vitaly Janelt,de GER,"MF,DF",25,0,37,3054,33.9,1,3,0,8,0,1.8,1.8
Christian NÃ¸rgaard,dk DEN,MF,29,0,30,2505,27.8,2,1,0,8,0,3.5,3.5
Nathan Collins,ie IRL,DF,22,0,29,2652,29.5,1,1,0,3,0,1.7,1.7
Yoane Wissa,cd COD,FW,26,0,29,2493,27.7,12,3,0,7,0,10.6,10.6
Ethan Pinnock,jm JAM,DF,30,0,28,2521,28.0,2,0,0,1,0,2.0,2.0
Mathias Jensen,dk DEN,MF,27,0,27,2204,24.5,3,3,0,5,0,0.7,0.7
Mads Roerslev,dk DEN,DF,24,0,22,1985,22.1,1,2,0,1,0,0.9,0.9
Bryan Mbeumo,cm CMR,FW,23,0,22,1960,21.8,9,6,3,2,0,9.8,7.4
Kristoffer Ajer,no NOR,DF,25,0,21,1832,20.4,2,1,0,5,0,1.3,1.3
Ivan Toney,eng ENG,FW,27,0,16,1450,16.1,4,2,0,5,0,6.0,6.0
Keane Lewis-Potter,eng ENG,"FW,DF",22,0,15,1441,16.0,3,1,0,0,0,6.3,6.3
Ben Mee,eng ENG,DF,33,0,15,1272,14.1,2,0,0,1,1,1.5,1.5
Sergio ReguilÃ³n,es ESP,DF,26,0,14,1118,12.4,0,4,0,4,1,0.8,0.8
Neal Maupay,fr FRA,FW,26,0,13,1321,14.7,6,3,0,8,0,5.7,5.7
Mathias JÃ¸rgensen,dk DEN,DF,33,0,12,1087,12.1,1,0,0,4,0,0.7,0.7
Frank Onyeka,ng NGA,MF,25,0,11,1161,12.9,1,2,0,8,0,2.2,2.2
Aaron Hickey,sct SCO,DF,21,0,9,713,7.9,0,0,0,5,0,0.2,0.2
Mikkel Damsgaard,dk DEN,MF,23,0,7,842,9.4,0,2,0,2,0,0.9,0.9
Saman Ghoddos,ir IRN,DF,29,0,7,739,8.2,1,0,0,5,0,0.3,0.3
Yehor Yarmoliuk,ua UKR,MF,19,0,6,688,7.6,0,0,0,2,0,1.0,1.0
Rico Henry,eng ENG,DF,26,0,5,401,4.5,0,1,0,1,0,0.1,0.1
Kevin Schade,de GER,"FW,MF",21,0,3,333,3.7,2,1,0,0,0,1.2,1.2
Shandon Baptiste,gd GRN,MF,25,0,2,229,2.5,1,1,0,1,0,0.9,0.9
Thomas Strakosha,al ALB,GK,28,0,1,135,1.5,0,0,0,0,0,0.0,0.0
Michael Olakigbe,eng ENG,"DF,FW",19,0,0,59,0.7,0,0,0,0,0,0.1,0.1
Josh Dasilva,eng ENG,"DF,FW",24,0,0,24,0.3,0,0,0,0,0,0.0,0.0
Myles Peart-Harris,eng ENG,"DF,MF",20,0,0,13,0.1,0,0,0,0,0,0.0,0.0
Val Adedokun,ie IRL,FW,20,0,0,0,,0,0,0,0,0,,
Vincent Angelini,sct SCO,GK,19,0,0,0,,0,0,0,0,0,,
Benjamin Arthur,eng ENG,DF,17,0,0,0,,0,0,0,0,0,,
Ellery Balcombe,eng ENG,GK,23,0,0,0,,0,0,0,0,0,,
Ethan Brierley,eng ENG,MF,19,0,0,0,,0,0,0,0,0,,
Yunus Emre Konak,tr TUR,MF,17,0,0,0,,0,0,0,0,0,,
Benjamin Fredrick,ng NGA,DF,18,0,0,0,,0,0,0,0,0,,
Charlie Goode,eng ENG,DF,27,0,0,0,,0,0,0,0,0,,
Kim Jisoo,kr KOR,DF,18,0,0,0,,0,0,0,0,0,,
HÃ¡kon Rafn Valdimarsson,is ISL,GK,21,0,0,0,,0,0,0,0,0,,
Ryan Trevitt,eng ENG,MF,20,0,0,0,,0,0,0,0,0,,
Squad Total,,,26,0,418,3420,38.0,54,38,3,89,2,58.2,56.0
Opponent Total,,,26,0,418,3420,38.0,65,50,2,75,4,56.0,54.4
Morgan Gibbs-White,eng ENG,"MF,FW",23,0,35,3156,35.1,5,10,1,9,0,6.9,6.1
Murillo,br BRA,DF,21,0,32,2789,31.0,0,2,0,5,0,1.8,1.8
Anthony Elanga,se SWE,"FW,MF",21,0,25,2433,27.0,5,9,0,1,0,6.6,6.6
Ryan Yates,eng ENG,MF,25,0,21,1992,22.1,1,1,0,6,0,2.6,2.6
Callum Hudson-Odoi,eng ENG,"FW,MF",22,0,20,1854,20.6,8,1,0,0,0,2.7,2.7
Chris Wood,nz NZL,FW,31,0,20,1812,20.1,14,1,0,0,0,11.9,11.9
Danilo,br BRA,MF,22,0,20,1792,19.9,2,2,0,4,0,1.8,1.8
Ola Aina,ng NGA,DF,26,0,20,1692,18.8,1,1,0,3,0,0.3,0.3
Orel Mangala,be BEL,MF,25,0,19,1563,17.4,1,0,0,6,0,0.8,0.8
NicolÃ¡s DomÃ­nguez,ar ARG,"MF,FW",25,0,19,1495,16.6,2,2,0,4,0,1.3,1.3
Neco Williams,wls WAL,DF,22,0,18,1637,18.2,0,1,0,4,0,0.8,0.8
Willy Boly,ci CIV,DF,32,0,18,1438,16.0,2,1,0,3,1,1.5,1.5
Matt Turner,us USA,GK,29,0,17,1530,17.0,0,0,0,2,0,0.0,0.0
Matz Sels,be BEL,GK,31,0,16,1440,16.0,0,0,0,1,0,0.0,0.0
Moussa Niakhate,sn SEN,DF,27,0,15,1460,16.2,1,0,0,5,1,1.1,1.1
Harry Toffolo,eng ENG,DF,27,0,15,1459,16.2,1,3,0,3,0,1.6,1.6
Ibrahim SangarÃ©,ci CIV,MF,25,0,13,1035,11.5,0,0,0,6,0,0.6,0.6
Taiwo Awoniyi,ng NGA,FW,25,0,12,1042,11.6,6,3,0,2,0,4.7,4.7
Serge Aurier,ci CIV,"DF,MF",30,0,10,833,9.3,0,2,0,2,0,0.2,0.2
Gonzalo Montiel,ar ARG,DF,26,0,8,801,8.9,0,2,0,5,0,0.1,0.1
Andrew Omobamidele,ie IRL,DF,21,0,8,783,8.7,0,0,0,2,0,0.1,0.1
Divock Origi,be BEL,FW,28,0,6,606,6.7,0,1,0,1,0,1.4,1.4
Nuno Tavares,pt POR,DF,23,0,5,457,5.1,0,0,0,2,0,0.2,0.2
Odisseas Vlachodimos,gr GRE,GK,29,0,5,450,5.0,0,0,0,0,0,0.0,0.0
Joe Worrall,eng ENG,DF,26,0,5,439,4.9,0,0,0,0,1,0.1,0.1
Scott McKenna,sct SCO,DF,26,0,5,416,4.6,0,0,0,0,0,0.2,0.2
Felipe,br BRA,DF,34,0,4,375,4.2,0,0,0,4,0,0.1,0.1
Brennan Johnson,wls WAL,"FW,MF",22,0,3,237,2.6,0,0,0,0,0,0.3,0.3
Gio Reyna,us USA,"FW,MF",20,0,2,235,2.6,0,1,0,0,0,0.3,0.3
Cheikhou KouyatÃ©,sn SEN,MF,33,0,2,212,2.4,0,0,0,2,0,0.3,0.3
Rodrigo Ribeiro,pt POR,"MF,FW",18,0,0,17,0.2,0,0,0,0,0,0.0,0.0
Andrey Santos,br BRA,MF,19,0,0,8,0.1,0,0,0,0,0,0.1,0.1
Brandon Aguilera,cr CRC,FW,20,0,0,5,0.1,0,0,0,0,0,0.0,0.0
Remo Freuler,ch SUI,MF,31,0,0,0,,0,0,0,0,0,,
Joe Gardner,eng ENG,DF,18,0,0,0,,0,0,0,0,0,,
Wayne Hennessey,wls WAL,GK,36,0,0,0,,0,0,0,0,0,,
Ethan Horvath,us USA,GK,28,0,0,0,,0,0,0,0,0,,
Jamie McDonnell,nir NIR,MF,19,0,0,0,,0,0,0,0,0,,
Lewis O'Brien,eng ENG,MF,24,0,0,0,,0,0,0,0,0,,
Detlef Osong,eng ENG,FW,18,0,0,0,,0,0,0,0,0,,
Hwang Ui-jo,kr KOR,"FW,MF",30,0,0,0,,0,0,0,0,0,,
Squad Total,,,25,0,418,3420,38.0,49,43,1,82,3,49.9,49.1
Opponent Total,,,26,0,418,3420,38.0,65,48,4,81,7,53.2,50.1
Thomas Kaminski,be BEL,GK,30,38,38,3405,37.8,0,0,0,3,0,0.0,0.0
Alfie Doughty,eng ENG,DF,23,37,34,2925,32.5,2,8,0,5,0,1.3,1.3
Carlton Morris,eng ENG,"FW,MF",27,38,32,2862,31.8,11,4,5,4,0,11.4,7.5
Ross Barkley,eng ENG,MF,29,32,30,2618,29.1,5,4,0,6,0,4.1,4.1
Teden Mengi,eng ENG,DF,21,30,28,2469,27.4,1,0,0,3,0,0.6,0.6
Gabriel Osho,ng NGA,DF,24,21,21,1846,20.5,2,0,0,3,0,1.1,1.1
Issa KaborÃ©,bf BFA,DF,22,24,21,1729,19.2,0,2,0,7,0,0.2,0.2
Amari'i Bell,jm JAM,DF,29,21,21,1720,19.1,0,0,0,0,0,0.3,0.3
Chiedozie Ogbene,ie IRL,"MF,DF",26,30,20,1995,22.2,4,1,0,1,0,4.2,4.2
Tahith Chong,nl NED,"MF,FW",23,33,20,1982,22.0,4,0,0,4,0,2.7,2.7
Reece Burke,eng ENG,DF,26,22,20,1660,18.4,0,4,0,5,0,1.3,1.3
Elijah Adebayo,eng ENG,FW,25,27,16,1419,15.8,10,0,0,1,0,5.9,5.9
Albert Sambi Lokonga,be BEL,MF,23,17,16,1303,14.5,1,3,0,4,0,0.6,0.6
Jordan Clark,eng ENG,MF,29,23,14,1304,14.5,1,1,0,4,0,1.0,1.0
Andros Townsend,eng ENG,"MF,FW",32,27,14,1210,13.4,1,3,0,1,0,1.2,1.2
Tom Lockyer,wls WAL,DF,28,14,14,1169,13.0,1,1,0,4,0,1.1,1.1
Marvelous Nakamba,zw ZIM,MF,29,13,13,1130,12.6,0,0,0,5,0,0.2,0.2
Jacob Brown,sct SCO,"MF,FW",25,19,12,1019,11.3,2,0,0,4,0,2.8,2.8
Pelly Ruddock Mpanzu,cd COD,MF,30,27,11,1101,12.2,0,0,0,1,0,0.6,0.6
Daiki Hashioka,jp JPN,DF,24,10,6,595,6.6,0,0,0,0,0,0.1,0.1
Ryan John Giles,eng ENG,"DF,MF",23,11,5,503,5.6,0,0,0,0,0,0.1,0.1
Fred Onyedinma,eng ENG,"DF,MF",26,8,4,407,4.5,0,0,0,1,0,0.2,0.2
Mads Juel Andersen,dk DEN,DF,25,8,4,400,4.4,1,0,0,1,0,0.3,0.3
Cauley Woodrow,eng ENG,"FW,MF",28,24,2,427,4.7,1,1,0,2,0,1.4,1.4
Luke Berry,eng ENG,"MF,DF",31,17,2,323,3.6,2,1,0,1,0,1.0,1.0
Joseph Johnson,eng ENG,DF,17,2,0,77,0.9,0,0,0,1,0,0.0,0.0
James Shea,eng ENG,GK,32,1,0,15,0.2,0,0,0,0,0,0.0,0.0
Zack Nelson,eng ENG,"MF,DF",18,2,0,7,0.1,0,0,0,0,0,0.0,0.0
Allan Campbell,sct SCO,MF,25,0,0,0,,0,0,0,0,0,,
Christian Chigozie,eng ENG,DF,16,0,0,0,,0,0,0,0,0,,
Aidan Francis,eng ENG,MF,20,0,0,0,,0,0,0,0,0,,
Taylan Harris,eng ENG,FW,17,0,0,0,,0,0,0,0,0,,
Tim Krul,nl NED,GK,35,0,0,0,,0,0,0,0,0,,
Jayden Luker,eng ENG,MF,18,0,0,0,,0,0,0,0,0,,
Dominic Martins,pt POR,MF,17,0,0,0,,0,0,0,0,0,,
John Mcatee,eng ENG,"FW,MF",24,0,0,0,,0,0,0,0,0,,
Axel Piesold,eng ENG,MF,18,0,0,0,,0,0,0,0,0,,
Dan Potts,eng ENG,DF,29,0,0,0,,0,0,0,0,0,,
Squad Total,,,26,38,418,3420,38.0,49,33,5,71,0,42.4,38.6
Opponent Total,,,26,38,418,3420,38.0,81,57,4,73,2,78.0,74.9
Sander Berge,no NOR,MF,25,37,34,3005,33.4,1,2,0,10,1,1.9,1.9
Dara O'Shea,ie IRL,DF,24,33,32,2892,32.1,3,4,0,5,1,0.7,0.7
James Trafford,eng ENG,GK,20,28,28,2520,28.0,0,0,0,2,0,0.0,0.0
Zeki Amdouni,ch SUI,FW,22,34,27,1953,21.7,5,1,1,2,0,5.8,5.0
Vitinho,br BRA,"DF,MF",24,32,26,2314,25.7,0,2,0,1,0,1.6,1.6
Charlie Taylor,eng ENG,DF,29,28,25,2331,25.9,1,1,0,8,0,0.2,0.2
Wilson Odobert,fr FRA,"MF,FW",18,29,25,2098,23.3,3,2,0,3,0,2.8,2.8
Josh Brownhill,eng ENG,MF,27,33,23,2252,25.0,4,2,0,4,1,1.9,1.9
Josh Cullen,ie IRL,MF,27,25,23,2057,22.9,2,3,0,9,0,0.6,0.6
Lyle Foster,za RSA,"FW,MF",22,24,22,1899,21.1,5,3,0,0,1,4.5,4.5
Jacob Bruun Larsen,dk DEN,"MF,FW",24,32,16,1249,13.9,6,0,1,1,0,5.0,4.2
Maxime EstÃ¨ve,fr FRA,DF,21,16,15,1309,14.5,0,0,0,6,0,0.3,0.3
Lorenz Assignon,tg TOG,DF,23,15,15,1234,13.7,1,2,0,5,1,0.4,0.4
Jordan Beyer,de GER,DF,23,15,15,1234,13.7,0,1,0,6,0,0.5,0.5
Luca Koleosho,it ITA,"MF,FW",18,15,13,974,10.8,1,1,0,0,0,2.0,2.0
JÃ³hann Berg GuÃ°mundsson,is ISL,"MF,FW",32,26,12,1192,13.2,1,3,0,2,0,1.9,1.9
Ameen Al-Dakhil,be BEL,DF,21,13,12,1056,11.7,1,0,0,1,0,1.3,1.3
Arijanet Muric,xk KVX,GK,24,10,10,900,10.0,0,0,0,0,0,0.0,0.0
David Datro Fofana,ci CIV,FW,20,15,10,879,9.8,4,1,0,1,0,4.5,4.5
Connor Roberts,wls WAL,DF,27,14,8,823,9.1,0,1,0,5,1,0.0,0.0
Jay Rodriguez,eng ENG,FW,34,21,7,822,9.1,2,1,1,0,0,3.5,2.7
Hannes Delcroix,be BEL,DF,24,12,5,589,6.5,0,0,0,2,0,0.4,0.4
Aaron Ramsey,eng ENG,"MF,FW",20,14,5,527,5.9,0,0,0,1,0,0.3,0.3
Hjalmar Ekdal,se SWE,DF,24,8,5,437,4.9,0,0,0,2,0,0.1,0.1
Mike TrÃ©sor,be BEL,"FW,MF",24,16,3,420,4.7,0,0,0,0,0,0.5,0.5
Anass Zaroury,ma MAR,"FW,MF",22,6,1,152,1.7,0,0,0,0,1,0.2,0.2
Benson Manuel,ao ANG,"MF,FW",26,8,1,116,1.3,0,0,0,0,0,0.1,0.1
Nathan Redmond,eng ENG,"FW,MF",29,12,0,142,1.6,0,0,0,1,0,0.0,0.0
Jack Cork,eng ENG,MF,34,4,0,27,0.3,0,0,0,0,0,0.0,0.0
Michael Obafemi,ie IRL,"FW,MF",23,2,0,20,0.2,0,0,0,0,0,0.1,0.1
Han-Noah Massengo,fr FRA,"MF,DF",22,3,0,16,0.2,0,0,0,0,0,0.0,0.0
CJ Egan-Riley,eng ENG,DF,20,0,0,0,,0,0,0,0,0,,
Lawrence Vigouroux,cl CHI,GK,29,0,0,0,,0,0,0,0,0,,
Squad Total,,,24,38,418,3420,38.0,40,30,3,77,7,40.6,38.3
Opponent Total,,,26,38,418,3420,38.0,75,54,6,84,3,70.4,64.9
Gustavo Hamer,nl NED,MF,26,36,34,2910,32.3,4,6,0,9,0,3.0,3.0
Jayden Bogle,eng ENG,DF,23,34,32,2788,31.0,3,0,0,9,0,2.3,2.3
Jack Robinson,eng ENG,DF,29,34,31,2885,32.1,1,1,0,10,0,1.2,1.2
Vinicius Souza,br BRA,MF,24,36,29,2668,29.6,1,0,0,3,0,0.6,0.6
Anel AhmedhodÅ¾iÄ‡,ba BIH,DF,24,31,29,2649,29.4,2,0,0,11,1,3.1,3.1
Wes Foderingham,eng ENG,GK,32,30,29,2649,29.4,0,0,0,2,0,0.0,0.0
Auston Trusty,us USA,DF,24,32,28,2572,28.6,0,0,0,4,0,0.4,0.4
Cameron Archer,eng ENG,"FW,MF",22,29,21,1832,20.4,4,1,0,1,0,5.5,5.5
James Mcatee,eng ENG,"MF,FW",20,30,20,1822,20.2,3,3,1,2,0,3.1,2.3
Oliver Norwood,nir NIR,MF,32,27,16,1440,16.0,1,0,1,8,0,1.1,0.3
Oliver McBurnie,sct SCO,FW,27,21,15,1280,14.2,6,3,2,7,2,6.9,5.3
Ben Osborn,eng ENG,"DF,MF",28,24,14,1367,15.2,0,2,0,3,0,0.2,0.2
Ben Brereton,cl CHI,"FW,MF",24,14,14,1105,12.3,6,1,1,3,0,6.1,5.3
Andre Brooks,eng ENG,"MF,DF",19,20,12,938,10.4,0,0,0,1,0,0.4,0.4
George Baldock,gr GRE,DF,30,13,11,969,10.8,0,1,0,4,0,0.0,0.0
Oliver Arblaster,eng ENG,MF,19,12,11,943,10.5,0,0,0,2,0,0.0,0.0
Luke Thomas,eng ENG,DF,22,12,11,917,10.2,0,0,0,3,0,0.5,0.5
William Osula,dk DEN,FW,19,21,9,786,8.7,0,0,0,4,0,1.6,1.6
Ivo GrbiÄ‡,hr CRO,GK,27,9,9,771,8.6,0,0,0,1,0,0.0,0.0
Mason Holgate,eng ENG,DF,26,10,9,710,7.9,0,0,0,3,1,0.6,0.6
Yasser Larouci,dz ALG,DF,22,11,6,531,5.9,0,0,0,1,0,0.2,0.2
John Egan,ie IRL,DF,30,6,6,482,5.4,0,0,0,2,0,0.2,0.2
Max Lowe,eng ENG,"DF,MF",26,10,4,503,5.6,0,0,0,1,0,0.6,0.6
Anis Ben Slimane,tn TUN,MF,22,15,4,419,4.7,0,0,0,2,0,0.8,0.8
BÃ©nie Adama Traore,ci CIV,"FW,MF",20,8,3,387,4.3,0,0,0,0,0,0.3,0.3
Rhian Brewster,eng ENG,"FW,MF",23,13,3,346,3.8,0,0,0,0,1,0.4,0.4
Chris Basham,eng ENG,"DF,MF",35,8,3,321,3.6,0,0,0,1,0,0.1,0.1
Tom Davies,eng ENG,MF,25,9,2,221,2.5,0,0,0,2,0,0.4,0.4
Rhys Norrington-Davies,wls WAL,DF,24,5,2,110,1.2,0,0,0,1,0,0.0,0.0
John Fleck,sct SCO,"MF,DF",31,4,1,92,1.0,0,0,0,1,0,0.0,0.0
Sam Curtis,ie IRL,DF,17,1,0,28,0.3,0,0,0,0,0,0.0,0.0
Daniel Jebbison,eng ENG,FW,19,1,0,21,0.2,0,0,0,0,0,0.0,0.0
Antwoine Hackford,eng ENG,FW,19,2,0,13,0.1,0,0,0,0,0,0.0,0.0
Sydie Peck,eng ENG,MF,18,1,0,10,0.1,0,0,0,0,0,0.0,0.0
Ryan One,sct SCO,FW,17,1,0,8,0.1,0,0,0,0,0,0.0,0.0
Jordan Amissah,gh GHA,GK,21,0,0,0,,0,0,0,0,0,,
Billy Blacker,eng ENG,FW,17,0,0,0,,0,0,0,0,0,,
Jili Buyabu,eng ENG,MF,21,0,0,0,,0,0,0,0,0,,
Ismaila Cheick Coulibaly,ml MLI,MF,22,0,0,0,,0,0,0,0,0,,
Adam Davies,wls WAL,GK,31,0,0,0,,0,0,0,0,0,,
Owen Hampson,eng ENG,MF,18,0,0,0,,0,0,0,0,0,,
Louie Marsh,eng ENG,FW,19,0,0,0,,0,0,0,0,0,,
Dovydas Sasnauskas,,DF,0,0,0,0,,0,0,0,0,0,,
Femi Seriki,eng ENG,DF,21,0,0,0,,0,0,0,0,0,,
Squad Total,,,25,38,418,3420,38.0,31,18,5,101,5,38.3,34.4
Opponent Total,,,26,38,418,3420,38.0,97,75,5,53,2,76.7,71.2
