player_id,name,team,position,total_points,goals,assists,clean_sheets,minutes_played,yellow_cards,red_cards,saves,bonus_points,influence,creativity,threat,selected_by_percent,price,form,points_per_game,dreamteam_count,value_form,value_season,news,chance_of_playing_this_round,chance_of_playing_next_round
430,Erling Haaland,Man City,FWD,46,6,0,3,413,0,0,0,12,204.0,30.9,286.0,42.4,14.3,10.3,9.2,2,0.7,3.2,,,
82,Antoine Semenyo,Bournemouth,MID,41,3,2,3,450,1,0,0,6,170.2,99.3,140.0,46.9,7.7,6.7,8.2,2,0.9,5.3,,,
226,Trevoh Chalobah,Chelsea,DEF,38,2,1,2,428,1,0,0,2,180.4,34.3,76.0,9.7,5.1,8.0,7.6,1,1.6,7.5,,,
72,Marcos Senesi Barón,Bournemouth,DEF,37,0,1,3,450,1,0,0,5,144.8,42.8,14.0,13.2,4.7,8.7,7.4,1,1.9,7.9,,,
260,Marc Guéhi,Crystal Palace,DEF,36,1,1,3,450,0,0,0,3,118.2,26.5,35.0,24.5,4.7,7.5,7.2,1,1.6,7.7,,,
7,Riccardo Calafiori,Arsenal,DEF,35,1,2,3,381,2,0,0,3,93.0,44.2,89.0,14.2,5.7,3.0,7.0,2,0.5,6.1,,,
8,Jurriën Timber,Arsenal,DEF,35,2,1,2,341,2,0,0,5,146.2,68.1,129.0,13.4,5.8,3.7,7.0,1,0.6,6.0,,,
249,João Pedro Junqueira de Jesus,Chelsea,FWD,35,2,3,2,420,0,0,0,8,154.6,83.2,128.0,67.2,7.8,6.0,7.0,2,0.8,4.5,,,
200,Jaidon Anthony,Burnley,MID,34,3,1,2,442,1,0,0,5,168.0,61.8,151.0,2.3,5.5,6.3,6.8,2,1.1,6.2,,,
241,Moisés Caicedo Corozo,Chelsea,MID,33,2,0,2,450,1,0,0,4,179.0,48.5,33.0,10.8,5.6,6.7,6.6,1,1.2,5.9,,,
476,Dan Burn,Newcastle,DEF,32,0,0,4,450,1,0,0,2,92.2,18.5,25.0,5.8,5.0,5.8,6.4,0,1.2,6.4,,,
469,Nick Pope,Newcastle,GKP,32,0,1,4,450,1,0,10,3,88.4,0.0,0.0,6.3,5.0,5.8,6.4,1,1.2,6.4,,,
661,Hugo Ekitiké,Liverpool,FWD,32,3,1,2,365,0,0,0,7,147.8,51.8,95.0,28.0,8.7,5.2,6.4,0,0.6,3.7,,,
477,Tino Livramento,Newcastle,DEF,31,0,1,4,450,0,0,0,3,68.2,55.2,16.0,9.6,5.1,5.5,6.2,0,1.1,6.1,,,
565,Guglielmo Vicario,Spurs,GKP,30,0,0,3,450,0,0,19,5,150.0,0.1,0.0,11.9,5.1,4.0,6.0,0,0.8,5.9,,,
381,Mohamed Salah,Liverpool,MID,30,2,2,2,450,0,0,0,2,127.0,106.2,128.0,51.6,14.5,5.5,6.0,0,0.4,2.1,,,
237,Enzo Fernández,Chelsea,MID,30,2,2,2,438,1,0,0,1,131.8,105.8,84.0,13.1,6.7,5.7,6.0,1,0.9,4.5,,,
257,Maxence Lacroix,Crystal Palace,DEF,30,0,1,3,450,1,0,0,2,118.8,15.6,34.0,4.2,5.1,5.5,6.0,1,1.1,5.9,,,
258,Tyrick Mitchell,Crystal Palace,DEF,30,1,0,3,450,2,0,0,2,134.2,107.3,37.0,1.9,5.0,5.2,6.0,0,1.0,6.0,,,
660,Anton Stach,Leeds,MID,29,1,2,2,450,1,0,0,3,111.6,167.1,59.0,1.1,5.0,6.3,5.8,1,1.3,5.8,,,
670,Robin Roefs,Sunderland,GKP,29,0,0,2,450,1,0,14,4,131.0,0.0,0.0,2.3,4.5,6.7,5.8,1,1.5,6.4,,,
597,Richarlison de Andrade,Spurs,FWD,29,3,1,2,347,1,0,0,6,141.4,48.3,190.0,14.2,6.7,4.0,5.8,1,0.6,4.3,,,
569,Cristian Romero,Spurs,DEF,29,0,1,3,450,2,0,0,3,126.0,26.5,43.0,7.0,5.1,5.3,5.8,1,1.0,5.7,,,
575,Micky van de Ven,Spurs,DEF,28,1,0,3,439,1,0,0,2,106.8,17.1,39.0,33.3,4.7,5.3,5.6,1,1.1,6.0,,,
299,Iliman Ndiaye,Everton,MID,28,2,1,2,418,1,0,0,0,142.0,91.1,81.0,9.4,6.5,6.5,5.6,0,1.0,4.3,,100.0,100.0
26,Martín Zubimendi Ibáñez,Arsenal,MID,27,2,0,3,450,1,0,0,3,101.0,44.9,45.0,4.0,5.4,6.3,5.4,1,1.2,5.0,,,
390,Ryan Gravenberch,Liverpool,MID,27,2,1,2,360,2,0,0,4,135.4,91.9,37.0,2.3,5.5,6.8,6.8,1,1.2,4.9,,100.0,100.0
205,Josh Cullen,Burnley,MID,27,1,1,2,422,0,0,0,3,140.6,87.2,21.0,2.0,5.0,3.0,5.4,1,0.6,5.4,,,
256,Daniel Muñoz Mejía,Crystal Palace,DEF,26,0,1,3,450,2,0,0,1,81.8,65.5,72.0,13.5,5.6,5.2,5.2,0,0.9,4.6,,,
261,Chris Richards,Crystal Palace,DEF,26,0,0,3,450,0,0,0,0,122.6,21.5,18.0,2.3,4.5,5.0,5.2,0,1.1,5.8,,,
291,James Tarkowski,Everton,DEF,26,0,0,2,450,0,0,0,0,131.2,21.3,17.0,7.3,5.5,5.5,5.2,0,1.0,4.7,,,
324,Alex Iwobi,Fulham,MID,26,1,2,1,392,1,0,0,5,100.6,113.8,38.0,1.6,6.5,6.0,5.2,1,0.9,4.0,,,
373,Virgil van Dijk,Liverpool,DEF,26,0,0,2,450,0,0,0,4,166.6,22.4,29.0,29.8,6.1,5.8,5.2,0,1.0,4.3,,,
427,Tijjani Reijnders,Man City,MID,26,1,2,2,450,1,0,0,2,106.2,102.2,75.0,31.3,5.6,4.7,5.2,1,0.8,4.6,,,
449,Bruno Borges Fernandes,Man Utd,MID,26,2,0,0,446,1,0,0,5,164.0,219.8,96.0,19.1,9.0,6.0,5.2,1,0.7,2.9,,,
1,David Raya Martín,Arsenal,GKP,26,0,0,3,450,1,0,13,3,116.8,10.0,0.0,24.2,5.5,3.3,5.2,1,0.6,4.7,,,
384,Cody Gakpo,Liverpool,MID,25,1,2,2,420,0,0,0,2,112.4,137.4,118.0,17.0,7.7,4.5,5.0,0,0.6,3.2,,,
560,Wilson Isidor,Sunderland,FWD,25,3,0,1,235,0,0,0,6,107.4,2.3,118.0,1.6,5.5,6.3,5.0,1,1.1,4.5,,,
5,Gabriel dos Santos Magalhães,Arsenal,DEF,25,0,0,3,450,0,0,0,1,99.2,8.6,21.0,22.6,6.1,4.3,5.0,0,0.7,4.1,,,
303,James Garner,Everton,MID,25,1,0,2,450,1,0,0,3,129.8,93.0,15.0,0.6,5.0,5.8,5.0,0,1.2,5.0,,,
36,Matty Cash,Aston Villa,DEF,25,1,0,2,433,2,0,0,2,121.8,72.6,20.0,5.1,4.6,5.0,5.0,1,1.1,5.4,,,
287,Jordan Pickford,Everton,GKP,25,0,0,2,450,0,0,10,3,108.0,0.0,0.0,11.4,5.5,5.8,5.0,1,1.1,4.5,,,
582,Mohammed Kudus,Spurs,MID,25,0,4,3,439,1,0,0,1,106.8,178.9,77.0,31.7,6.6,4.0,5.0,1,0.6,3.8,,,
419,Jack Grealish,Everton,MID,25,0,4,2,376,2,0,0,4,148.6,178.0,121.0,22.6,6.8,6.0,5.0,2,0.9,3.7,,,
612,Lucas Tolentino Coelho de Lima,West Ham,MID,24,2,0,1,427,1,0,0,2,133.6,109.0,75.0,3.7,5.9,4.3,4.8,0,0.7,4.1,,,
624,Jarrod Bowen,West Ham,FWD,24,2,0,1,450,0,0,0,6,123.8,83.9,135.0,6.4,7.7,6.7,4.8,0,0.9,3.1,,,
74,Adrien Truffert,Bournemouth,DEF,24,0,0,3,450,0,0,0,4,82.8,92.0,9.0,1.5,4.5,6.0,4.8,0,1.3,5.3,,,
160,Yankuba Minteh,Brighton,MID,24,1,1,1,413,0,0,0,3,98.2,86.3,146.0,1.1,5.9,5.2,4.8,0,0.9,4.1,,,
317,Joachim Andersen,Fulham,DEF,23,0,0,1,450,0,0,0,2,123.2,27.4,29.0,3.8,4.5,5.2,4.6,1,1.2,5.1,,,
84,Marcus Tavernier,Bournemouth,MID,23,1,0,3,406,0,0,0,3,85.0,63.9,93.0,1.7,5.5,2.7,4.6,1,0.5,4.2,,,
474,Fabian Schär,Newcastle,DEF,23,0,0,3,350,0,0,0,0,80.0,25.0,15.0,2.5,5.5,3.8,5.8,0,0.7,4.2,Head injury - 25% chance of playing,25.0,25.0
683,Omar Alderete,Sunderland,DEF,22,0,1,1,397,0,0,0,1,133.8,22.0,42.0,1.9,4.0,5.7,4.4,0,1.4,5.5,,,
568,Pedro Porro Sauceda,Spurs,DEF,22,0,0,3,428,1,0,0,0,97.4,140.3,19.0,24.5,5.6,3.7,4.4,0,0.7,3.9,,,
348,Joe Rodon,Leeds,DEF,22,0,0,2,450,0,0,0,2,97.8,2.8,4.0,4.0,4.0,4.3,4.4,0,1.1,5.5,,100.0,100.0
666,Viktor Gyökeres,Arsenal,FWD,22,3,0,2,396,1,0,0,2,109.2,46.2,110.0,25.3,9.0,3.0,4.4,1,0.3,2.4,,,
40,Tyrone Mings,Aston Villa,DEF,22,0,0,2,450,0,0,0,1,115.4,43.8,25.0,1.6,4.5,4.7,4.4,0,1.0,4.9,,,
253,Dean Henderson,Crystal Palace,GKP,22,0,0,3,450,1,0,8,0,81.2,10.0,0.0,8.0,5.0,4.0,4.4,0,0.8,4.4,,,
67,Đorđe Petrović,Bournemouth,GKP,21,0,0,3,450,1,0,10,0,88.8,0.0,0.0,5.0,4.5,4.3,4.2,0,1.0,4.7,,,
685,Bafodé Diakité,Bournemouth,DEF,21,0,0,3,360,1,0,0,2,71.0,23.8,6.0,0.4,4.5,3.7,5.2,1,0.8,4.7,,75.0,100.0
387,Dominik Szoboszlai,Liverpool,MID,21,1,0,2,450,1,0,0,3,103.6,83.5,69.0,3.9,6.5,4.8,4.2,1,0.7,3.2,,,
669,Dan Ndoye,Nott'm Forest,MID,21,1,1,0,370,0,0,0,4,84.6,75.0,55.0,3.2,6.1,3.0,4.2,0,0.5,3.4,,,
347,Gabriel Gudmundsson,Leeds,DEF,21,0,0,2,439,1,0,0,6,83.6,74.1,27.0,5.3,4.0,4.3,4.2,0,1.1,5.2,,100.0,100.0
478,Kieran Trippier,Newcastle,DEF,21,0,0,3,316,0,0,0,2,36.8,129.5,4.0,2.6,5.0,3.8,5.2,0,0.8,4.2,,75.0,100.0
21,Declan Rice,Arsenal,MID,20,0,2,2,374,0,0,0,1,63.2,112.3,15.0,8.3,6.5,2.7,4.0,0,0.4,3.1,,,
374,Ibrahima Konaté,Liverpool,DEF,20,0,0,2,434,1,0,0,3,99.0,29.8,14.0,3.4,5.5,4.8,4.0,0,0.9,3.6,,,
586,Lucas Bergvall,Spurs,MID,20,1,1,2,286,0,0,0,0,86.4,34.2,81.0,0.5,5.4,5.3,4.0,1,1.0,3.7,,,
224,Marc Cucurella Saseta,Chelsea,DEF,20,0,1,2,356,1,0,0,2,84.2,80.6,40.0,26.2,6.2,2.3,4.0,0,0.4,3.2,,,
673,João Maria Lobo Alves Palhares Costa Palhinha Gonçalves,Spurs,MID,20,1,0,2,333,0,0,0,3,92.8,13.8,39.0,0.8,5.5,2.7,4.0,0,0.5,3.6,,,
580,Brennan Johnson,Spurs,MID,20,2,0,2,237,1,0,0,2,87.0,44.8,50.0,7.0,7.0,1.0,4.0,0,0.1,2.9,,,
343,Pascal Struijk,Leeds,DEF,20,0,0,2,450,0,0,0,2,98.6,14.3,26.0,0.4,4.5,4.0,4.0,0,0.9,4.4,,,
525,Chris Wood,Nott'm Forest,FWD,20,2,0,1,370,0,0,0,3,75.6,46.3,133.0,20.0,7.6,1.8,4.0,1,0.2,2.6,,,
295,Michael Keane,Everton,DEF,20,0,0,2,450,0,0,0,0,94.8,12.4,40.0,0.7,4.5,4.5,4.0,0,1.0,4.4,,,
668,Granit Xhaka,Sunderland,MID,20,0,2,2,450,2,0,0,0,119.6,108.0,14.0,2.9,5.0,4.3,4.0,0,0.9,4.0,,,
302,Idrissa Gana Gueye,Everton,MID,20,1,0,2,435,0,0,0,1,82.0,47.9,58.0,0.1,5.4,4.5,4.0,0,0.8,3.7,,,
119,Bryan Mbeumo,Man Utd,MID,19,1,0,1,429,0,0,0,3,70.0,170.1,170.0,15.2,8.1,4.2,3.8,0,0.5,2.3,,,
190,Hjalmar Ekdal,Burnley,DEF,19,0,0,1,442,0,0,0,1,111.6,15.8,57.0,1.6,4.0,3.0,3.8,0,0.8,4.8,,,
90,Alex Scott,Bournemouth,MID,19,1,0,3,328,1,0,0,2,76.8,67.7,22.0,0.3,5.0,5.0,3.8,0,1.0,3.8,,,
573,Djed Spence,Spurs,DEF,19,0,0,3,341,2,0,0,0,41.8,31.8,26.0,2.4,4.5,2.3,3.8,0,0.5,4.2,,,
242,Kiernan Dewsbury-Hall,Everton,MID,19,1,1,2,450,4,0,0,3,92.6,183.6,45.0,4.9,5.0,4.2,3.8,1,0.8,3.8,,,
532,Trai Hume,Sunderland,DEF,19,0,0,2,450,0,0,0,0,83.8,72.0,10.0,0.3,4.5,4.0,3.8,0,0.9,4.2,,,
531,Daniel Ballard,Sunderland,DEF,19,1,0,1,151,0,0,0,3,87.4,20.9,67.0,2.6,4.6,0.3,6.3,1,0.1,4.1,,75.0,100.0
593,Pape Matar Sarr,Spurs,MID,19,1,1,3,345,0,0,0,0,81.2,25.5,68.0,3.1,5.0,3.3,4.8,0,0.7,3.8,,,
217,Lyle Foster,Burnley,FWD,18,1,1,2,418,1,0,0,2,80.6,53.6,50.0,1.8,5.0,4.7,3.6,0,0.9,3.6,,,
694,Nordi Mukiele,Sunderland,DEF,18,0,0,1,270,0,0,0,2,86.8,42.1,18.0,0.9,4.0,6.0,6.0,1,1.5,4.5,,,
418,Jérémy Doku,Man City,MID,18,0,2,3,281,0,0,0,1,61.4,112.4,35.0,2.7,6.4,4.7,3.6,0,0.7,2.8,,,
603,El Hadji Malick Diouf,West Ham,DEF,18,0,3,1,450,1,0,0,1,125.6,102.9,37.0,4.3,4.4,4.7,3.6,0,1.1,4.1,,,
517,Elliot Anderson,Nott'm Forest,MID,18,0,1,0,450,0,0,0,1,122.0,136.5,39.0,5.0,5.5,3.0,3.6,0,0.5,3.3,,,
157,Mitoma Kaoru,Brighton,MID,18,1,1,1,442,1,0,0,0,86.2,94.3,84.0,4.7,6.4,4.0,3.6,0,0.6,2.8,,,
267,Ismaïla Sarr,Crystal Palace,MID,18,2,0,2,270,1,0,0,1,83.4,20.6,57.0,2.6,6.4,3.8,6.0,0,0.6,2.8,Muscle injury - 75% chance of playing,0.0,75.0
6,William Saliba,Arsenal,DEF,18,0,0,2,274,0,0,0,1,74.8,5.2,6.0,12.5,6.0,1.0,4.5,0,0.2,3.0,,100.0,100.0
97,Francisco Evanilson de Lima Barbosa,Bournemouth,FWD,18,1,1,3,437,1,0,0,2,55.0,81.6,133.0,3.1,7.0,5.0,3.6,0,0.7,2.6,,,
366,Alisson Becker,Liverpool,GKP,18,0,0,2,450,0,0,4,2,60.6,0.1,0.0,10.8,5.5,4.2,3.6,1,0.8,3.3,,,
329,Harry Wilson,Fulham,MID,17,1,1,0,292,0,0,0,2,63.2,51.4,65.0,0.4,5.4,3.0,3.4,0,0.6,3.1,,100.0,100.0
318,Calvin Bassey,Fulham,DEF,17,0,0,1,450,1,0,0,3,80.8,7.5,9.0,0.6,4.5,4.0,3.4,0,0.9,3.8,,,
136,Igor Thiago Nascimento Rodrigues,Brentford,FWD,17,2,0,1,405,2,0,0,1,97.8,60.5,75.0,1.7,6.0,3.0,3.4,0,0.5,2.8,,,
342,Jayden Bogle,Leeds,DEF,17,0,1,2,434,2,0,0,0,53.4,16.9,29.0,0.2,4.5,4.0,3.4,0,0.9,3.8,Foot injury - 75% chance of playing,100.0,75.0
470,Martin Dúbravka,Burnley,GKP,17,0,0,1,450,0,0,19,0,142.6,0.0,0.0,34.3,4.0,3.0,3.4,0,0.8,4.2,,100.0,100.0
83,Dango Ouattara,Brentford,MID,17,1,0,1,215,0,0,0,3,58.6,5.1,90.0,0.8,6.0,1.3,4.2,1,0.2,2.8,,100.0,100.0
475,Sven Botman,Newcastle,DEF,17,0,0,2,158,0,0,0,4,44.6,0.6,0.0,0.5,4.9,4.2,5.7,0,0.9,3.5,,,
314,Bernd Leno,Fulham,GKP,17,0,0,1,450,1,0,15,1,119.4,0.0,0.0,1.6,5.0,3.5,3.4,0,0.7,3.4,,,
191,Maxime Estève,Burnley,DEF,16,0,0,1,442,0,0,0,0,113.2,12.3,27.0,15.9,4.0,3.0,3.2,0,0.8,4.0,,,
220,Robert Lynch Sánchez,Chelsea,GKP,16,0,0,2,364,0,1,12,1,81.4,0.0,0.0,19.6,5.0,1.7,3.2,0,0.3,3.2,,,
166,Yasin Ayari,Brighton,MID,16,1,0,0,362,0,0,0,2,74.8,46.0,42.0,0.2,4.9,3.2,3.2,0,0.7,3.3,,,
293,Jake O'Brien,Everton,DEF,16,0,0,2,450,0,0,0,0,53.2,36.0,20.0,0.5,5.0,3.5,3.2,0,0.7,3.2,,,
236,Pedro Lomba Neto,Chelsea,MID,16,1,0,2,356,0,0,0,0,71.6,123.6,64.0,4.7,7.0,2.0,3.2,0,0.3,2.3,,,
283,Jean-Philippe Mateta,Crystal Palace,FWD,16,2,0,3,441,2,0,0,0,102.6,9.6,150.0,11.3,7.6,3.8,3.2,0,0.5,2.1,,,
516,Callum Hudson-Odoi,Nott'm Forest,MID,16,1,0,0,339,0,0,0,3,62.8,105.5,62.0,1.5,6.0,3.5,3.2,0,0.6,2.7,,,
408,Rúben dos Santos Gato Alves Dias,Man City,DEF,16,0,0,2,365,0,0,0,0,68.4,5.0,2.0,4.1,5.5,3.0,3.2,0,0.5,2.9,,,
113,Sepp van den Berg,Brentford,DEF,16,0,0,1,450,0,0,0,0,108.6,2.2,26.0,0.7,4.5,1.7,3.2,0,0.4,3.6,,,
414,Phil Foden,Man City,MID,16,1,0,2,172,0,0,0,2,52.2,32.6,35.0,3.4,8.0,5.0,5.3,1,0.6,2.0,,100.0,100.0
553,Chemsdine Talbi,Sunderland,MID,16,0,1,3,385,0,0,0,0,37.8,74.2,33.0,0.3,5.0,2.7,3.2,0,0.5,3.2,,,
322,Kenny Tete,Fulham,DEF,15,0,0,1,450,0,0,0,0,86.8,40.5,14.0,0.2,4.5,3.2,3.0,0,0.7,3.3,,,
106,Nathan Collins,Brentford,DEF,15,0,0,1,450,2,0,0,1,102.8,11.6,50.0,1.4,5.0,2.0,3.0,0,0.4,3.0,,,
338,Rodrigo Muniz Carvalho,Fulham,FWD,15,1,1,1,314,1,0,0,3,58.8,41.7,103.0,2.5,5.5,2.0,3.0,0,0.4,2.7,,,
547,Enzo Le Fée,Sunderland,MID,15,1,0,0,211,0,0,0,2,79.2,41.4,21.0,0.4,4.9,4.3,3.8,1,0.9,3.1,,75.0,100.0
107,Keane Lewis-Potter,Brentford,DEF,15,0,0,2,383,0,0,0,0,27.2,25.4,15.0,0.4,5.0,2.7,3.0,0,0.5,3.0,,,
110,Michael Kayode,Brentford,DEF,15,0,0,1,436,0,0,0,2,87.6,47.4,6.0,0.4,4.5,1.3,3.0,0,0.3,3.3,,,
121,Mikkel Damsgaard,Brentford,MID,15,1,0,1,266,0,0,0,1,81.6,89.7,40.0,0.7,5.9,3.3,5.0,0,0.6,2.5,,,
436,Matthijs de Ligt,Man Utd,DEF,15,0,0,0,450,0,0,0,3,114.4,40.5,31.0,2.7,5.0,2.8,3.0,0,0.6,3.0,,,
37,Lucas Digne,Aston Villa,DEF,15,0,0,2,307,1,0,0,0,27.0,25.5,17.0,2.0,4.5,2.3,3.0,0,0.5,3.3,,,
124,Jordan Henderson,Brentford,MID,15,0,1,2,322,0,0,0,1,48.8,32.2,5.0,0.3,5.0,3.7,3.0,0,0.7,3.0,,,
86,David Brooks,Bournemouth,MID,15,0,1,3,340,2,0,0,1,57.8,107.3,82.0,0.4,5.0,2.7,3.0,0,0.5,3.0,,,
541,Reinildo Mandava,Sunderland,DEF,14,0,0,2,392,1,1,0,0,74.2,18.3,6.0,7.6,4.0,1.7,2.8,0,0.4,3.5,Suspended until 25 Oct,,0.0
491,Sandro Tonali,Newcastle,MID,14,0,0,4,425,0,0,0,0,54.8,104.1,48.0,1.3,5.4,2.8,2.8,0,0.5,2.6,,100.0,100.0
691,Dominic Calvert-Lewin,Leeds,FWD,14,1,1,1,178,0,0,0,2,41.8,32.2,60.0,0.4,5.5,4.7,4.7,1,0.9,2.5,,100.0,100.0
192,Quilindschy Hartman,Burnley,DEF,14,0,0,1,450,0,0,0,0,104.6,78.3,20.0,0.5,4.0,2.3,2.8,0,0.6,3.5,,,
85,Tyler Adams,Bournemouth,MID,14,0,0,3,447,3,0,0,0,80.6,26.1,45.0,0.4,5.0,2.7,2.8,0,0.5,2.8,,,
508,Neco Williams,Nott'm Forest,DEF,14,1,0,0,450,2,0,0,2,103.6,47.1,60.0,6.6,5.0,3.2,2.8,1,0.6,2.8,,,
442,Harry Maguire,Man Utd,DEF,14,0,1,1,110,0,0,0,2,24.6,11.6,10.0,0.7,4.4,3.2,3.5,1,0.7,3.2,,,
129,Yehor Yarmoliuk,Brentford,MID,14,0,0,1,438,1,0,0,0,65.0,44.2,17.0,0.1,5.0,2.3,2.8,0,0.5,2.8,,,
266,Eberechi Eze,Arsenal,MID,14,0,2,2,226,0,0,0,0,54.0,38.3,60.0,12.1,7.5,2.8,3.5,0,0.4,1.9,,,
488,Bruno Guimarães Rodriguez Moura,Newcastle,MID,14,1,0,3,360,2,0,0,0,59.4,72.8,25.0,2.3,6.5,2.8,3.5,0,0.4,2.2,,,
416,Bernardo Mota Veiga de Carvalho e Silva,Man City,MID,13,0,1,2,349,1,0,0,0,61.2,116.2,20.0,0.6,6.4,3.0,2.6,0,0.5,2.0,,,
561,Eliezer Mayenda Dossou,Sunderland,FWD,13,1,0,2,211,0,0,0,2,46.4,13.1,45.0,1.3,5.5,1.0,3.2,0,0.2,2.4,,,
332,Saša Lukić,Fulham,MID,13,0,1,1,445,3,0,0,0,50.0,160.3,22.0,0.1,5.0,2.8,2.6,0,0.6,2.6,,,
158,Georginio Rutter,Brighton,MID,13,0,2,1,237,1,0,0,0,46.0,47.3,46.0,0.5,5.8,1.8,3.2,0,0.3,2.2,,100.0,100.0
410,Rico Lewis,Man City,DEF,13,0,1,1,160,0,0,0,2,46.4,28.2,13.0,2.6,5.0,0.3,4.3,1,0.1,2.6,,100.0,100.0
411,Nico O'Reilly,Man City,DEF,13,0,0,2,218,1,0,0,0,42.8,9.0,3.0,0.3,4.9,4.3,3.2,0,0.9,2.7,,100.0,100.0
120,Kevin Schade,Brentford,MID,13,1,0,1,392,0,0,0,0,69.0,31.8,100.0,0.4,7.0,3.0,2.6,0,0.4,1.9,,100.0,100.0
162,Brajan Gruda,Brighton,MID,13,1,0,0,126,0,0,0,2,42.4,23.2,48.0,0.1,5.4,3.0,2.6,0,0.6,2.4,,,
273,Adam Wharton,Crystal Palace,MID,13,0,1,1,300,0,0,0,2,37.2,91.4,2.0,0.4,5.0,2.5,3.2,0,0.5,2.6,,100.0,100.0
489,Jacob Murphy,Newcastle,MID,13,0,1,3,224,0,0,0,0,37.2,27.7,102.0,1.1,6.3,3.0,3.2,0,0.5,2.1,,,
515,Morgan Gibbs-White,Nott'm Forest,MID,13,0,1,0,416,0,0,0,0,51.4,119.0,81.0,5.0,7.5,2.0,2.6,0,0.3,1.7,,,
444,Leny Yoro,Man Utd,DEF,13,0,1,0,341,0,0,0,1,41.6,19.3,15.0,2.2,4.5,2.2,2.6,0,0.5,2.9,,,
146,Lewis Dunk,Brighton,DEF,13,0,1,0,450,1,0,0,0,86.4,14.6,28.0,1.2,4.5,2.8,2.6,0,0.6,2.9,,,
311,Norberto Bercique Gomes Betuncal,Everton,FWD,12,1,0,1,310,1,0,0,1,42.4,18.4,91.0,5.0,5.4,2.5,2.4,0,0.5,2.2,,,
631,Emmanuel Agbadou,Wolves,DEF,12,0,0,0,450,0,0,0,0,141.0,38.6,39.0,0.4,4.5,2.7,2.4,0,0.6,2.7,,,
54,John McGinn,Aston Villa,MID,12,0,0,2,409,0,0,0,0,52.8,97.1,24.0,0.6,5.5,2.3,2.4,0,0.4,2.2,,,
646,João Victor Gomes da Silva,Wolves,MID,12,0,0,0,450,2,0,0,0,71.4,62.6,21.0,0.1,5.4,3.0,2.4,0,0.6,2.2,,,
164,Matt O'Riley,Brighton,MID,12,1,0,1,177,0,0,0,2,60.8,66.6,63.0,0.6,5.5,0.5,6.0,1,0.1,2.2,has joined Marseille on loan for the rest of the season.,0.0,0.0
38,Ezri Konsa Ngoyo,Aston Villa,DEF,12,0,0,2,335,0,1,0,0,61.8,19.4,4.0,12.3,4.5,3.0,3.0,0,0.7,2.7,,100.0,100.0
19,Gabriel Martinelli Silva,Arsenal,MID,12,1,0,1,150,0,0,0,1,42.6,15.3,44.0,1.0,6.9,3.7,3.0,0,0.5,1.7,,,
225,Reece James,Chelsea,DEF,12,0,1,1,243,1,0,0,0,57.0,98.5,13.0,4.4,5.4,2.0,2.4,0,0.4,2.2,,,
544,Habib Diarra,Sunderland,MID,12,0,1,2,345,1,0,0,0,10.6,31.0,45.0,0.1,5.5,2.3,3.0,0,0.4,2.2,Muscle injury - 50% chance of playing,,50.0
47,Morgan Rogers,Aston Villa,MID,12,0,0,2,441,0,0,0,0,32.6,74.1,59.0,7.1,7.0,2.3,2.4,0,0.3,1.7,,100.0,100.0
606,Konstantinos Mavropanos,West Ham,DEF,12,0,0,1,270,0,0,0,0,68.6,1.6,39.0,0.1,4.4,4.0,4.0,0,0.9,2.7,,,
330,Sander Berge,Fulham,MID,12,0,0,1,418,1,0,0,0,55.2,37.9,13.0,0.1,5.0,2.5,2.4,0,0.5,2.4,,,
665,Lucas Estella Perri,Leeds,GKP,12,0,0,2,270,0,0,3,0,29.2,0.0,0.0,0.3,4.5,2.0,4.0,0,0.4,2.7,Thigh injury - 50% chance of playing,0.0,50.0
328,Ryan Sessegnon,Fulham,MID,12,0,1,1,307,0,0,0,0,59.6,45.2,39.0,0.0,5.4,3.0,3.0,0,0.6,2.2,,100.0,100.0
452,Amad Diallo,Man Utd,MID,11,0,1,0,356,0,0,0,0,59.8,77.9,95.0,1.6,6.3,2.5,2.2,0,0.4,1.7,,,
354,Ethan Ampadu,Leeds,MID,11,0,0,1,257,0,0,0,0,41.6,12.4,3.0,0.1,4.9,2.7,3.7,0,0.6,2.2,,100.0,100.0
493,Sean Longstaff,Leeds,MID,11,0,0,1,295,0,0,0,0,42.6,19.0,12.0,0.2,4.9,3.0,2.2,0,0.6,2.2,,,
714,Nick Woltemade,Newcastle,FWD,11,1,0,2,147,0,0,0,3,38.0,17.2,54.0,3.4,7.1,5.5,5.5,0,0.8,1.5,,,
457,Carlos Henrique Casimiro,Man Utd,MID,11,1,1,0,246,1,1,0,0,53.6,33.6,50.0,0.2,5.5,2.2,2.2,0,0.4,2.0,Suspended until 04 Oct,,0.0
182,James Trafford,Man City,GKP,11,0,0,1,270,0,0,11,0,100.2,0.0,0.0,1.6,4.9,0.7,3.7,0,0.1,2.2,,,
406,Abdukodir Khusanov,Man City,DEF,11,0,0,1,227,1,0,0,0,42.4,5.2,0.0,0.5,5.4,3.3,2.8,0,0.6,2.0,Knock - 75% chance of playing,100.0,75.0
424,Oscar Bobb,Man City,MID,11,0,1,1,257,0,0,0,0,42.6,76.8,42.0,0.4,5.5,1.0,2.8,0,0.2,2.0,,,
543,Simon Adingra,Sunderland,MID,11,0,1,2,230,1,0,0,0,20.4,59.7,6.0,1.0,5.4,1.3,2.8,0,0.2,2.0,,,
371,Milos Kerkez,Liverpool,DEF,11,0,0,1,366,2,0,0,0,72.2,38.5,12.0,5.2,5.9,2.8,2.2,0,0.5,1.9,,,
521,Ibrahim Sangaré,Nott'm Forest,MID,11,0,0,0,351,0,0,0,0,33.2,19.0,2.0,0.1,5.0,2.2,2.2,0,0.4,2.2,,,
386,Alexis Mac Allister,Liverpool,MID,11,0,1,1,236,0,0,0,0,41.6,45.2,21.0,1.4,6.4,1.5,2.8,0,0.2,1.7,,100.0,100.0
552,Noah Sadiki,Sunderland,MID,11,0,0,2,443,1,0,0,0,45.8,61.0,10.0,0.0,5.0,2.0,2.2,0,0.4,2.2,,,
698,Noah Okafor,Leeds,MID,11,1,0,1,160,1,0,0,1,47.4,20.4,40.0,0.0,5.5,3.3,3.7,0,0.6,2.0,,100.0,100.0
662,Cristhian Mosquera,Arsenal,DEF,11,0,0,1,202,0,0,0,1,51.4,2.4,4.0,0.2,5.4,3.3,2.8,0,0.6,2.0,,,
232,Tosin Adarabioyo,Chelsea,DEF,11,0,0,1,353,1,0,0,0,99.0,6.4,11.0,1.1,4.5,3.0,2.8,0,0.7,2.4,,100.0,100.0
615,Crysencio Summerville,West Ham,MID,11,0,2,0,145,0,0,0,0,33.4,25.0,10.0,0.1,5.5,3.7,3.7,0,0.7,2.0,,100.0,100.0
235,Cole Palmer,Chelsea,MID,11,1,0,1,144,0,0,0,1,44.4,19.2,65.0,20.0,10.4,2.7,3.7,0,0.3,1.1,Groin Injury - 75% chance of playing,100.0,75.0
44,Lamare Bogarde,Aston Villa,DEF,11,0,0,1,112,1,0,0,3,13.2,7.3,6.0,0.6,4.0,3.7,2.8,0,0.9,2.8,,,
207,Hannibal Mejbri,Burnley,MID,11,0,0,1,244,0,0,0,0,14.0,40.7,13.0,0.2,5.0,1.3,2.2,0,0.3,2.2,,,
642,Hwang Hee-chan,Wolves,MID,11,1,0,0,171,0,0,0,0,38.8,11.7,45.0,0.2,5.9,3.0,2.8,0,0.5,1.9,,,
32,Emiliano Martínez Romero,Aston Villa,GKP,11,0,0,1,270,0,0,6,0,51.8,0.0,0.0,2.2,5.0,3.0,3.7,0,0.6,2.2,,100.0,100.0
671,Callum Wilson,West Ham,FWD,11,1,0,0,170,0,0,0,2,50.8,13.5,82.0,0.5,5.9,3.0,2.2,0,0.5,1.9,,,
271,Daichi Kamada,Crystal Palace,MID,11,0,1,2,265,0,0,0,0,44.0,66.8,33.0,0.1,5.0,2.8,3.7,0,0.6,2.2,,100.0,100.0
187,Kyle Walker,Burnley,DEF,11,0,0,1,450,1,0,0,0,67.8,11.5,3.0,1.7,4.5,1.3,2.2,0,0.3,2.4,,,
614,James Ward-Prowse,West Ham,MID,11,0,0,1,414,0,0,0,0,56.6,176.3,6.0,0.3,5.8,2.3,2.2,0,0.4,1.9,,,
123,Fábio Freitas Gouveia Carvalho,Brentford,MID,11,1,0,0,95,0,0,0,1,38.8,6.2,36.0,0.3,4.9,3.0,2.8,0,0.6,2.2,,,
382,Florian Wirtz,Liverpool,MID,10,0,0,2,363,1,0,0,0,39.2,138.1,80.0,14.3,8.3,2.0,2.0,0,0.2,1.2,,,
350,Brenden Aaronson,Leeds,MID,10,0,0,1,243,0,0,0,0,38.6,45.1,30.0,0.1,5.4,2.7,2.0,0,0.5,1.9,,,
228,Malo Gusto,Chelsea,DEF,10,0,0,1,195,0,0,0,0,23.4,21.3,9.0,1.4,4.9,2.3,2.5,0,0.5,2.0,,,
402,Rayan Aït-Nouri,Man City,DEF,10,0,0,1,202,1,0,0,1,43.0,26.7,7.0,8.7,5.9,0.0,3.3,0,0.0,1.7,Knock - 25% chance of playing,25.0,25.0
403,Joško Gvardiol,Man City,DEF,10,0,0,1,180,0,0,0,0,39.2,1.5,0.0,3.8,5.8,3.3,5.0,0,0.6,1.7,,100.0,100.0
77,James Hill,Bournemouth,DEF,10,0,0,1,198,1,0,0,0,24.2,3.0,41.0,0.9,4.0,2.7,2.0,0,0.7,2.5,,,
101,Caoimhín Kelleher,Brentford,GKP,10,0,0,1,450,1,0,11,0,85.2,0.0,0.0,8.7,4.5,1.3,2.0,0,0.3,2.2,,100.0,100.0
635,Rodrigo Martins Gomes,Wolves,DEF,10,1,0,0,165,0,0,0,0,51.8,19.8,64.0,0.1,4.5,3.0,2.5,0,0.7,2.2,,,
421,Rodrigo 'Rodri' Hernandez Cascante,Man City,MID,10,0,0,1,270,0,0,0,0,47.4,37.8,19.0,0.7,6.4,3.0,2.5,0,0.5,1.6,,100.0,100.0
18,Noni Madueke,Arsenal,MID,10,0,0,2,304,0,0,0,0,30.2,111.7,105.0,1.6,7.0,2.0,2.0,0,0.3,1.4,Knock - 75% chance of playing,,75.0
210,Loum Tchaouna,Burnley,MID,10,0,1,1,190,1,0,0,0,13.2,26.2,28.0,0.0,4.9,2.7,2.0,0,0.6,2.0,,,
64,Ollie Watkins,Aston Villa,FWD,10,0,0,2,442,0,0,0,0,19.4,56.2,100.0,12.5,8.8,2.0,2.0,0,0.2,1.1,,,
365,Lukas Nmecha,Leeds,FWD,10,1,0,1,135,0,0,0,0,45.6,8.1,33.0,0.8,5.0,1.3,2.0,0,0.3,2.0,,100.0,100.0
325,Emile Smith Rowe,Fulham,MID,10,1,0,0,95,0,0,0,0,40.0,23.0,40.0,0.7,5.9,2.2,2.0,0,0.4,1.7,,,
648,Marshall Munetsi,Wolves,MID,10,0,1,0,339,1,0,0,0,40.0,36.7,53.0,0.0,5.5,2.0,2.0,0,0.4,1.8,,,
487,Harvey Barnes,Newcastle,MID,10,0,0,2,293,0,0,0,0,20.2,78.5,49.0,0.8,6.5,1.8,2.0,0,0.3,1.5,,,
500,William Osula,Newcastle,FWD,10,1,0,1,136,0,0,0,0,37.0,13.5,31.0,0.4,5.5,2.2,2.0,0,0.4,1.8,,,
16,Bukayo Saka,Arsenal,MID,10,1,0,1,187,0,0,0,0,58.0,79.1,35.0,3.8,9.8,0.3,3.3,0,0.0,1.0,,50.0,100.0
270,Will Hughes,Crystal Palace,MID,10,0,0,3,383,3,0,0,0,50.8,73.6,14.0,0.1,4.9,2.0,2.0,0,0.4,2.0,,100.0,100.0
502,Matz Sels,Nott'm Forest,GKP,10,0,0,0,450,1,0,16,0,123.8,0.0,0.0,13.7,5.0,2.0,2.0,0,0.4,2.0,,,
643,André Trindade da Costa Neto,Wolves,MID,9,0,0,0,262,1,0,0,0,30.6,12.5,2.0,0.1,5.4,1.3,1.8,0,0.2,1.7,,,
605,Maximilian Kilman,West Ham,DEF,9,0,0,1,450,2,0,0,0,99.8,18.1,14.0,0.2,4.4,3.0,1.8,0,0.7,2.0,,,
473,Lewis Hall,Newcastle,DEF,9,0,0,1,133,0,0,0,1,27.4,4.0,7.0,1.3,5.4,2.2,3.0,0,0.4,1.7,,,
385,Federico Chiesa,Liverpool,MID,9,1,0,0,47,0,0,0,0,36.6,1.3,27.0,0.3,6.4,0.8,2.2,0,0.1,1.4,,,
431,Altay Bayındır,Man Utd,GKP,9,0,0,0,450,0,0,8,0,74.0,10.0,0.0,0.4,5.0,1.8,1.8,0,0.4,1.8,,,
128,Frank Onyeka,Brentford,MID,9,0,2,0,61,0,0,0,0,23.4,12.3,4.0,0.1,5.0,1.3,3.0,0,0.3,1.8,,,
58,Boubacar Kamara,Aston Villa,MID,9,0,1,1,186,1,0,0,1,53.6,32.0,19.0,0.1,4.9,2.0,3.0,0,0.4,1.8,,100.0,100.0
202,Jacob Bruun Larsen,Burnley,MID,9,0,1,1,176,0,0,0,0,32.8,29.1,20.0,0.0,5.4,1.7,3.0,0,0.3,1.7,Knock - 75% chance of playing,75.0,75.0
409,John Stones,Man City,DEF,9,0,0,1,264,0,0,0,0,53.8,5.8,2.0,0.8,5.5,0.7,2.2,0,0.1,1.6,,50.0,100.0
413,Omar Marmoush,Man City,MID,9,0,1,0,148,0,0,0,2,38.2,36.1,58.0,3.4,8.3,2.3,3.0,0,0.3,1.1,Knee injury - 25% chance of playing,25.0,25.0
441,Patrick Dorgu,Man Utd,DEF,9,0,1,0,360,1,0,0,0,70.2,83.0,52.0,5.4,4.5,2.0,2.2,0,0.4,2.0,,,
438,Noussair Mazraoui,Man Utd,DEF,9,0,0,1,130,0,0,0,1,31.2,14.2,4.0,0.2,4.9,2.2,3.0,0,0.4,1.8,,100.0,100.0
679,Mads Hermansen,West Ham,GKP,9,0,0,1,360,0,0,9,0,84.8,0.0,0.0,0.3,4.5,2.7,2.2,0,0.6,2.0,,,
659,Kyle Walker-Peters,West Ham,DEF,9,0,0,1,290,0,0,0,0,45.8,22.5,32.0,0.4,4.4,2.7,2.2,0,0.6,2.0,,,
233,Josh Acheampong,Chelsea,DEF,9,0,0,1,90,0,0,0,3,16.2,2.3,10.0,1.5,4.0,0.0,9.0,0,0.0,2.2,,,
238,Estêvão Almeida de Oliveira Gonçalves,Chelsea,MID,9,0,1,1,184,1,0,0,0,37.0,37.6,62.0,2.0,6.5,1.3,2.2,0,0.2,1.4,,,
170,James Milner,Brighton,MID,9,1,0,0,124,1,0,0,0,48.8,16.8,17.0,0.1,5.0,2.0,2.2,0,0.4,1.8,,,
585,Rodrigo Bentancur,Spurs,MID,8,0,0,1,259,0,0,0,0,34.2,45.3,10.0,0.1,5.4,1.3,2.0,0,0.2,1.5,,,
505,Nikola Milenković,Nott'm Forest,DEF,8,0,0,0,450,0,0,0,0,73.0,18.3,10.0,7.1,5.5,1.5,1.6,0,0.3,1.5,,,
73,Adam Smith,Bournemouth,DEF,8,0,0,1,204,0,0,0,0,17.8,14.0,4.0,0.2,4.5,0.3,2.7,0,0.1,1.8,Hamstring injury - Expected back 18 Oct,0.0,0.0
48,Youri Tielemans,Aston Villa,MID,8,0,0,1,315,0,0,0,0,34.2,74.2,29.0,1.1,5.9,1.0,2.0,0,0.2,1.4,Calf injury - 50% chance of playing,0.0,50.0
709,Ladislav Krejcí,Wolves,DEF,8,1,0,0,180,1,0,0,0,57.6,29.2,17.0,0.0,4.5,2.7,4.0,0,0.6,1.8,,,
17,Martin Ødegaard,Arsenal,MID,8,0,0,1,164,0,0,0,0,20.8,32.1,22.0,2.0,7.9,0.7,2.0,0,0.1,1.0,Shoulder injury - 50% chance of playing,50.0,50.0
173,Mats Wieffer,Brighton,MID,8,0,0,0,179,1,0,0,0,47.0,6.0,21.0,0.1,4.9,1.0,2.7,0,0.2,1.6,,100.0,100.0
443,Luke Shaw,Man Utd,DEF,8,0,0,0,435,0,0,0,0,56.6,25.0,5.0,0.3,4.5,1.5,1.6,0,0.3,1.8,,,
139,Bart Verbruggen,Brighton,GKP,8,0,0,0,450,0,0,9,0,90.2,10.0,0.0,5.1,4.5,1.5,1.6,0,0.3,1.8,,,
22,Mikel Merino Zazón,Arsenal,MID,8,0,0,2,211,0,0,0,0,28.4,39.9,33.0,0.5,5.9,2.3,2.0,0,0.4,1.4,,,
684,Malick Thiaw,Newcastle,DEF,8,0,0,1,92,1,0,0,0,26.2,1.4,0.0,0.1,4.9,2.0,4.0,0,0.4,1.6,,,
151,Jan Paul van Hecke,Brighton,DEF,8,0,0,0,450,1,0,0,0,103.0,3.7,39.0,0.9,4.5,1.5,1.6,0,0.3,1.8,,,
335,Josh King,Fulham,MID,8,0,0,0,337,1,0,0,0,28.4,32.2,69.0,3.7,4.5,1.5,1.6,0,0.3,1.8,,,
486,Anthony Elanga,Newcastle,MID,8,0,0,1,233,0,0,0,0,22.6,47.5,39.0,6.2,6.9,1.2,1.6,0,0.2,1.2,,,
388,Curtis Jones,Liverpool,MID,8,0,1,0,166,0,0,0,0,30.4,35.0,0.0,0.1,5.4,1.8,2.0,0,0.3,1.5,,100.0,100.0
633,Hugo Bueno López,Wolves,DEF,7,0,0,0,272,1,0,0,0,81.6,132.6,33.0,0.1,4.4,2.0,1.4,0,0.5,1.6,,100.0,100.0
459,Manuel Ugarte Ribeiro,Man Utd,MID,7,0,0,0,170,0,0,0,0,27.8,21.5,2.0,0.1,4.9,1.5,1.8,0,0.3,1.4,,,
736,Gianluigi Donnarumma,Man City,GKP,7,0,0,1,180,1,0,4,0,30.0,0.0,0.0,5.3,5.6,3.5,3.5,0,0.6,1.2,,,
455,Mason Mount,Man Utd,MID,7,0,0,1,198,0,0,0,0,19.0,69.0,31.0,0.2,5.9,1.2,1.8,0,0.2,1.2,,100.0,100.0
417,Rayan Cherki,Man City,MID,7,1,0,0,70,0,0,0,0,50.2,28.3,15.0,2.6,6.3,0.0,3.5,0,0.0,1.1,Thigh injury - Expected back 26 Oct,0.0,0.0
708,Mateus Gonçalo Espanha Fernandes,West Ham,MID,7,0,0,1,218,0,0,0,0,26.0,59.5,8.0,0.0,5.5,2.3,2.3,0,0.4,1.3,,,
506,Murillo Costa dos Santos,Nott'm Forest,DEF,7,0,0,0,306,1,0,0,0,54.0,11.9,0.0,3.7,5.4,1.2,1.8,0,0.2,1.3,Knock - 75% chance of playing,75.0,75.0
686,Rio Ngumoha,Liverpool,MID,7,1,0,0,4,0,0,0,0,36.2,11.4,23.0,0.6,4.5,1.8,3.5,0,0.4,1.6,,,
209,Josh Laurent,Burnley,MID,7,0,0,0,277,1,0,0,0,43.4,18.3,25.0,0.0,4.9,1.3,1.4,0,0.3,1.4,,,
490,Joelinton Cássio Apolinário de Lira,Newcastle,MID,7,0,0,2,221,1,0,0,0,14.2,21.2,21.0,0.3,5.9,1.2,2.3,0,0.2,1.2,,100.0,100.0
717,Xavi Simons,Spurs,MID,7,0,1,1,99,0,0,0,0,21.6,32.0,25.0,3.7,7.1,3.5,3.5,0,0.5,1.0,,,
20,Leandro Trossard,Arsenal,MID,7,0,1,0,131,0,0,0,0,30.2,36.3,25.0,0.3,6.9,2.0,2.3,0,0.3,1.0,,100.0,100.0
304,Tim Iroegbunam,Everton,MID,7,0,0,3,219,3,0,0,0,32.4,5.1,5.0,0.0,4.9,1.2,1.8,0,0.2,1.4,,,
356,Ilia Gruev,Leeds,MID,7,0,0,1,193,0,0,0,0,24.6,8.6,2.0,0.0,4.9,1.3,1.8,0,0.3,1.4,,,
33,Marco Bizot,Aston Villa,GKP,7,0,0,1,180,1,0,4,0,25.4,0.0,0.0,0.6,4.5,0.0,3.5,0,0.0,1.6,,,
353,Daniel James,Leeds,MID,7,0,0,1,212,0,0,0,0,11.8,31.1,29.0,0.2,5.3,0.7,1.8,0,0.1,1.3,Abdominal injury - 25% chance of playing,25.0,25.0
152,Joël Veltman,Brighton,DEF,7,0,0,0,270,1,0,0,0,57.6,19.8,6.0,0.2,4.4,1.8,2.3,0,0.4,1.6,,,
645,Fer López González,Wolves,MID,6,0,1,0,102,1,0,0,0,27.0,50.7,25.0,0.0,5.4,1.7,1.5,0,0.3,1.1,,,
440,Diogo Dalot Teixeira,Man Utd,DEF,6,0,1,0,182,0,0,0,0,43.6,52.0,18.0,1.0,4.4,1.2,2.0,0,0.3,1.4,Muscle injury - Unknown return date,0.0,0.0
276,Justin Devenny,Crystal Palace,MID,6,0,0,0,142,0,0,0,0,15.0,31.3,36.0,1.4,4.5,1.2,1.2,0,0.3,1.3,,,
677,Evann Guessand,Aston Villa,MID,6,0,0,1,177,0,0,0,0,26.0,7.3,40.0,0.0,6.4,1.7,1.5,0,0.3,0.9,,,
663,Jhon Arias,Wolves,MID,6,0,0,0,177,0,0,0,0,30.2,48.5,36.0,0.3,5.3,1.3,1.2,0,0.2,1.1,,,
450,Matheus Santos Carneiro da Cunha,Man Utd,MID,6,0,0,0,236,0,0,0,0,37.4,47.6,83.0,4.4,8.0,1.0,1.5,0,0.1,0.8,,100.0,100.0
272,Jefferson Lerma Solís,Crystal Palace,MID,6,0,0,1,155,1,0,0,0,18.2,18.7,40.0,0.1,4.9,1.2,1.2,0,0.2,1.2,,,
644,Jean-Ricner Bellegarde,Wolves,MID,6,0,0,0,212,0,0,0,0,18.2,53.6,20.0,0.1,5.4,1.0,1.2,0,0.2,1.1,,,
682,David Møller Wolfe,Wolves,DEF,6,0,1,0,131,0,0,0,0,30.6,16.1,4.0,0.1,4.5,1.3,2.0,0,0.3,1.3,,,
310,Thierno Barry,Everton,FWD,6,0,0,1,141,0,0,0,0,6.6,8.6,29.0,0.4,5.8,1.2,1.2,0,0.2,1.0,,,
11,Benjamin White,Arsenal,DEF,6,0,0,1,70,0,0,0,0,15.4,11.3,1.0,0.5,5.4,0.0,6.0,0,0.0,1.1,,50.0,100.0
497,Lewis Miley,Newcastle,MID,6,0,0,1,166,0,0,0,0,20.8,27.2,6.0,2.0,4.4,1.2,1.5,0,0.3,1.4,,,
681,Benjamin Sesko,Man Utd,FWD,6,0,0,0,204,0,0,0,0,1.6,32.0,31.0,4.6,7.3,1.2,1.2,0,0.2,0.8,,,
337,Raúl Jiménez Rodríguez,Fulham,FWD,6,0,0,0,131,0,0,0,0,5.2,7.9,20.0,1.1,6.3,1.0,1.2,0,0.2,1.0,,,
59,Amadou Onana,Aston Villa,MID,6,0,0,1,153,1,0,0,0,34.0,6.2,16.0,0.8,4.9,0.0,3.0,0,0.0,1.2,Hamstring injury - Unknown return date,0.0,0.0
588,Wilson Odobert,Spurs,MID,6,0,0,0,140,0,0,0,0,8.8,23.2,41.0,0.0,5.3,1.3,1.2,0,0.2,1.1,,,
507,Ola Aina,Nott'm Forest,DEF,6,0,0,0,270,1,0,0,0,53.8,33.3,11.0,5.6,4.9,0.5,2.0,0,0.1,1.2,Hamstring injury - Expected back 13 Dec,0.0,0.0
108,Kristoffer Ajer,Brentford,DEF,6,0,1,0,28,0,0,0,0,24.8,10.7,23.0,0.2,4.4,1.7,2.0,0,0.4,1.4,,,
351,Wilfried Gnonto,Leeds,MID,6,0,0,1,191,1,0,0,0,15.8,21.4,16.0,0.2,5.3,0.3,1.5,0,0.1,1.1,Calf injury - 25% chance of playing,25.0,25.0
625,Niclas Füllkrug,West Ham,FWD,6,0,0,1,229,0,0,0,0,8.0,36.9,69.0,1.1,5.7,1.0,1.5,0,0.2,1.1,,100.0,100.0
178,Danny Welbeck,Brighton,FWD,6,0,0,0,252,0,0,0,0,5.6,24.4,48.0,1.9,6.3,1.2,1.2,0,0.2,1.0,,,
341,Karl Darlow,Leeds,GKP,6,0,0,0,180,0,0,8,0,58.6,0.0,0.0,2.4,4.0,2.0,3.0,0,0.5,1.5,,,
53,Donyell Malen,Aston Villa,MID,6,0,0,0,138,0,0,0,0,6.6,22.1,38.0,0.7,5.2,1.3,1.2,0,0.2,1.2,,,
167,Carlos Baleba,Brighton,MID,6,0,0,1,241,1,0,0,0,11.0,26.7,2.0,2.7,4.9,0.8,1.2,0,0.2,1.2,,,
423,Nico González Iglesias,Man City,MID,6,0,0,1,192,1,0,0,0,46.2,12.9,6.0,0.1,6.0,0.7,1.5,0,0.1,1.0,,,
584,Mathys Tel,Spurs,MID,5,0,0,1,97,0,0,0,0,5.4,3.4,9.0,0.1,6.3,1.3,1.7,0,0.2,0.8,,,
148,Ferdi Kadıoğlu,Brighton,DEF,5,0,0,0,194,2,0,0,0,31.8,21.2,4.0,0.1,4.4,1.2,1.2,0,0.3,1.1,,,
654,Jørgen Strand Larsen,Wolves,FWD,5,0,0,0,203,0,0,0,0,14.2,7.7,78.0,1.6,6.4,0.3,1.7,0,0.0,0.8,,75.0,100.0
700,Max Dowman,Arsenal,MID,5,0,1,0,27,0,0,0,0,1.0,0.8,26.0,0.4,4.5,0.3,2.5,0,0.1,1.1,,,
126,Mathias Jensen,Brentford,MID,5,0,0,0,151,0,0,0,0,26.8,48.0,10.0,0.1,4.9,0.7,1.7,0,0.1,1.0,,,
370,Jeremie Frimpong,Liverpool,DEF,5,0,1,0,62,0,0,0,0,8.4,1.9,21.0,8.6,5.9,1.0,2.5,0,0.2,0.8,,100.0,100.0
358,Tanaka Ao,Leeds,MID,5,0,0,1,154,0,0,0,0,4.2,27.6,9.0,0.1,4.9,0.3,1.7,0,0.1,1.0,,100.0,100.0
699,Douglas Luiz Soares de Paulo,Nott'm Forest,MID,5,0,1,0,75,0,0,0,0,4.4,18.1,8.0,0.1,5.0,1.2,5.0,0,0.2,1.0,,,
25,Ethan Nwaneri,Arsenal,MID,5,0,0,1,130,0,0,0,0,8.2,20.9,20.0,0.2,5.3,1.3,1.7,0,0.2,0.9,,,
712,Yéremy Pino Santos,Crystal Palace,MID,5,0,0,1,147,0,0,0,0,8.8,41.0,23.0,0.2,6.0,1.7,1.7,0,0.3,0.8,Knee injury - 75% chance of playing,100.0,75.0
392,Endo Wataru,Liverpool,MID,5,0,1,0,32,1,0,0,0,24.6,10.7,0.0,0.1,4.9,0.2,1.7,0,0.0,1.0,,,
628,José Malheiro de Sá,Wolves,GKP,5,0,0,0,360,0,0,5,0,44.0,10.0,0.0,1.6,4.5,0.7,1.2,0,0.2,1.1,,,
50,Emiliano Buendía Stati,Aston Villa,MID,5,0,0,1,230,1,0,0,0,23.4,63.0,46.0,0.1,5.3,1.3,1.2,0,0.2,0.9,,,
145,Maxim De Cuyper,Brighton,DEF,5,0,0,0,269,1,0,0,0,28.4,37.7,12.0,3.0,4.4,0.8,1.2,0,0.2,1.1,Knock - 75% chance of playing,75.0,75.0
676,Lesley Ugochukwu,Burnley,MID,5,0,0,1,253,0,1,0,0,23.8,18.8,8.0,0.0,5.0,0.3,1.2,0,0.1,1.0,,0.0,100.0
696,Arnaud Kalimuendo,Nott'm Forest,FWD,4,0,0,0,64,0,0,0,0,2.8,16.1,22.0,0.1,6.0,1.0,1.0,0,0.2,0.7,,,
695,Jackson Tchatchoua,Wolves,DEF,4,0,0,0,220,0,0,0,0,41.8,55.1,14.0,0.0,4.5,1.0,1.0,0,0.2,0.9,,,
613,Tomáš Souček,West Ham,MID,4,0,0,1,231,0,1,0,0,38.0,3.7,58.0,0.3,5.7,0.3,1.0,0,0.1,0.7,Suspended until 20 Oct,0.0,0.0
591,Archie Gray,Spurs,MID,4,0,0,1,71,0,0,0,0,6.0,13.2,2.0,0.1,4.9,0.3,2.0,0,0.1,0.8,,,
526,Igor Jesus Maciel da Cruz,Nott'm Forest,FWD,4,0,0,0,45,0,0,0,0,7.2,12.7,25.0,0.5,5.8,0.8,1.0,0,0.1,0.7,,,
636,Santiago Ignacio Bueno,Wolves,DEF,4,0,0,0,124,0,0,0,0,33.8,19.4,2.0,0.0,4.4,1.0,2.0,0,0.2,0.9,,,
637,Toti Gomes,Wolves,DEF,4,0,0,0,389,0,1,0,0,74.6,26.5,27.0,0.1,4.4,2.0,0.8,0,0.5,0.9,,,
720,Tolu Arokodare,Wolves,FWD,4,0,0,0,155,0,0,0,0,9.4,14.8,51.0,0.1,5.5,2.0,2.0,0,0.4,0.7,,,
494,Joe Willock,Newcastle,MID,4,0,0,1,86,0,0,0,0,10.6,2.2,6.0,0.1,5.0,1.0,2.0,0,0.2,0.8,,100.0,100.0
352,Jack Harrison,Leeds,MID,4,0,0,0,84,0,0,0,0,10.6,7.6,4.0,0.1,5.3,1.0,1.0,0,0.2,0.8,,,
722,Florentino Ibrain Morris Luís,Burnley,MID,4,0,0,0,117,1,0,0,0,38.6,23.7,0.0,0.0,5.0,2.0,2.0,0,0.4,0.8,,,
81,Justin Kluivert,Bournemouth,MID,4,0,0,0,71,0,0,0,0,12.8,32.8,24.0,0.7,7.0,1.0,1.0,0,0.1,0.6,,100.0,100.0
93,Hamed Traorè,Bournemouth,MID,4,0,1,0,16,0,0,0,0,21.2,10.0,0.0,0.7,4.5,0.0,4.0,0,0.0,0.9,has joined Marseille on loan for the rest of the season.,0.0,0.0
697,Amine Adli,Bournemouth,MID,4,0,0,0,88,0,0,0,0,32.0,27.1,9.0,0.0,5.5,1.0,1.0,0,0.2,0.7,,,
721,Veljko Milosavljevic,Bournemouth,DEF,4,0,0,0,90,0,0,0,0,23.4,11.3,6.0,0.0,4.5,2.0,4.0,0,0.4,0.9,,,
163,Jack Hinshelwood,Brighton,MID,4,0,0,0,107,0,0,0,0,9.4,2.0,0.0,0.0,5.3,1.0,1.3,0,0.2,0.8,Ankle injury - Unknown return date,0.0,0.0
239,Jamie Bynoe-Gittens,Chelsea,MID,4,0,0,0,143,0,0,0,0,12.2,40.0,32.0,0.1,6.2,0.7,1.0,0,0.1,0.6,,,
246,Andrey Nascimento dos Santos,Chelsea,MID,4,0,0,0,117,1,0,0,0,15.2,32.4,32.0,0.3,4.5,0.7,1.0,0,0.2,0.9,,,
301,Carlos Alcaraz Durán,Everton,MID,4,0,0,0,117,1,0,0,0,14.6,4.8,21.0,0.1,5.3,0.8,1.0,0,0.2,0.8,,,
250,Liam Delap,Chelsea,FWD,4,0,0,0,91,0,0,0,0,8.0,3.5,43.0,1.2,6.3,0.3,1.3,0,0.0,0.6,Hamstring injury - Expected back 22 Nov,0.0,0.0
407,Matheus Nunes,Man City,DEF,4,0,0,0,153,0,0,0,0,26.0,7.3,0.0,0.3,5.3,1.0,1.3,0,0.2,0.8,,,
405,Nathan Aké,Man City,DEF,3,0,0,0,91,0,0,0,0,18.2,10.3,5.0,0.7,5.4,0.7,1.0,0,0.1,0.6,,,
389,Harvey Elliott,Aston Villa,MID,3,0,0,0,52,0,0,0,0,3.8,11.6,11.0,0.6,5.4,0.8,1.0,0,0.1,0.6,,,
197,Oliver Sonne,Burnley,DEF,3,0,0,0,102,0,0,0,0,7.6,16.4,6.0,0.1,4.0,0.3,1.0,0,0.1,0.8,,,
199,Joe Worrall,Burnley,DEF,3,0,0,0,18,0,0,0,0,11.0,0.0,0.0,0.1,4.0,0.7,1.0,0,0.2,0.8,,,
634,Yerson Mosquera Valdelamar,Wolves,DEF,3,0,0,0,136,0,0,0,0,19.2,0.5,21.0,0.1,4.4,1.0,1.5,0,0.2,0.7,,,
574,Destiny Udogie,Spurs,DEF,3,0,0,0,128,0,0,0,0,21.4,29.2,28.0,0.5,4.4,1.0,1.0,0,0.2,0.7,,100.0,100.0
87,Ryan Christie,Bournemouth,MID,3,0,0,0,78,0,0,0,0,18.0,18.9,11.0,0.1,5.0,0.7,1.0,0,0.1,0.6,,100.0,100.0
627,Sam Johnstone,Wolves,GKP,3,0,0,0,90,0,0,3,0,31.2,0.0,0.0,0.1,4.5,1.0,3.0,0,0.2,0.7,,,
243,Tyrique George,Chelsea,MID,3,0,0,1,137,2,0,0,0,8.2,7.0,52.0,0.1,4.9,1.0,1.0,0,0.2,0.6,,,
230,Wesley Fofana,Chelsea,DEF,3,0,0,0,129,0,0,0,0,27.2,4.3,0.0,0.2,4.4,0.7,1.0,0,0.2,0.7,,100.0,100.0
169,Diego Gómez Amarilla,Brighton,MID,3,0,0,0,149,2,0,0,0,25.4,28.2,11.0,0.1,5.0,0.8,0.8,0,0.2,0.6,,,
458,Kobbie Mainoo,Man Utd,MID,3,0,0,0,76,0,0,0,0,16.0,39.5,3.0,0.5,4.9,0.8,1.0,0,0.2,0.6,,,
100,Eli Junior Kroupi,Bournemouth,FWD,3,0,0,0,12,0,0,0,0,0.0,0.0,2.0,1.5,4.5,0.3,1.0,0,0.1,0.7,,,
426,James McAtee,Nott'm Forest,MID,3,0,0,0,67,0,0,0,0,9.6,35.7,4.0,0.1,5.4,0.8,1.0,0,0.1,0.6,,,
607,Nayef Aguerd,West Ham,DEF,3,0,0,0,180,0,0,0,0,39.0,3.9,8.0,0.1,4.4,0.0,1.5,0,0.0,0.7,has joined Marseille permanently.,0.0,0.0
621,Andy Irving,West Ham,MID,3,0,0,0,24,0,0,0,0,14.8,17.2,0.0,0.3,4.4,0.7,1.0,0,0.2,0.7,,,
551,Chris Rigg,Sunderland,MID,3,0,0,0,38,0,0,0,0,1.4,12.1,4.0,0.0,4.9,0.7,1.0,0,0.1,0.6,,,
215,Zian Flemming,Burnley,FWD,3,0,0,0,24,0,0,0,0,2.2,10.1,7.0,0.1,5.4,0.3,1.0,0,0.1,0.6,,,
109,Rico Henry,Brentford,DEF,3,0,0,0,153,1,0,0,0,11.0,12.1,12.0,0.1,4.5,0.3,0.6,0,0.1,0.7,,,
321,Jorge Cuenca Barreno,Fulham,DEF,3,0,0,0,87,0,0,0,0,14.6,1.2,4.0,0.0,4.4,0.2,1.5,0,0.0,0.7,,,
362,Joël Piroe,Leeds,FWD,3,0,0,1,134,0,0,0,0,2.0,6.9,44.0,0.7,5.3,0.0,1.5,0,0.0,0.6,,100.0,100.0
522,Ryan Yates,Nott'm Forest,MID,3,0,0,0,25,0,0,0,0,7.2,4.0,2.0,0.1,4.8,0.5,1.0,0,0.1,0.6,,,
326,Adama Traoré Diarra,Fulham,MID,3,0,0,0,60,0,0,0,0,4.2,16.1,12.0,0.2,5.3,0.5,1.0,0,0.1,0.6,,,
41,Pau Torres,Aston Villa,DEF,3,0,0,0,106,0,0,0,0,20.4,6.3,9.0,0.4,4.4,0.3,1.5,0,0.1,0.7,,,
319,Timothy Castagne,Fulham,DEF,3,0,0,0,126,0,0,0,0,14.8,19.1,28.0,0.1,4.4,0.5,1.0,0,0.1,0.7,,,
376,Joe Gomez,Liverpool,DEF,2,0,0,0,29,0,0,0,0,14.6,0.5,0.0,0.1,5.0,0.2,1.0,0,0.0,0.4,,100.0,100.0
619,Luis Guilherme Lira dos Santos,West Ham,MID,2,0,0,0,41,0,0,0,0,1.4,0.0,4.0,0.0,4.9,0.7,1.0,0,0.1,0.4,,100.0,100.0
116,Aaron Hickey,Brentford,DEF,2,0,0,0,20,1,0,0,0,6.2,0.4,0.0,0.4,4.0,0.3,0.7,0,0.1,0.5,,,
10,Myles Lewis-Skelly,Arsenal,DEF,2,0,0,0,66,1,0,0,0,4.4,5.7,0.0,2.2,5.3,0.3,0.7,0,0.1,0.4,,,
375,Conor Bradley,Liverpool,DEF,2,0,0,0,145,2,0,0,0,17.2,13.5,18.0,0.1,5.0,0.5,0.7,0,0.1,0.4,,100.0,100.0
252,Marc Guiu Paz,Chelsea,FWD,2,0,0,0,13,0,0,0,0,1.0,1.6,6.0,9.3,4.3,0.3,1.0,0,0.1,0.5,,100.0,100.0
618,Guido Rodríguez,West Ham,MID,2,0,0,0,70,0,0,0,0,2.2,2.3,2.0,0.0,4.9,0.0,2.0,0,0.0,0.4,,,
706,James Justin,Leeds,DEF,2,0,0,0,17,0,0,0,0,4.0,0.0,0.0,0.2,4.0,0.7,1.0,0,0.2,0.5,,,
596,Dominic Solanke-Mitchell,Spurs,FWD,2,0,0,0,31,0,0,0,0,6.0,0.3,25.0,1.3,7.2,0.0,1.0,0,0.0,0.3,Ankle injury - 50% chance of playing,0.0,50.0
12,Oleksandr Zinchenko,Nott'm Forest,DEF,2,0,0,0,90,0,0,0,0,29.6,18.0,15.0,0.3,4.9,0.7,2.0,0,0.1,0.4,,100.0,100.0
718,Soungoutou Magassa,West Ham,MID,2,0,0,0,41,0,0,0,0,9.6,1.7,0.0,0.0,5.0,1.0,1.0,0,0.2,0.4,,,
693,Omari Hutchinson,Nott'm Forest,MID,2,0,0,0,9,0,0,0,0,0.2,0.9,8.0,0.0,5.5,0.5,1.0,0,0.1,0.4,,,
415,Sávio Moreira de Oliveira,Man City,MID,2,0,0,0,16,0,0,0,0,5.2,1.3,33.0,0.4,6.9,0.7,1.0,0,0.1,0.3,,100.0,100.0
511,Felipe Rodrigues da Silva,Nott'm Forest,DEF,2,0,0,0,180,1,0,0,0,29.6,2.7,0.0,0.1,4.4,0.5,1.0,0,0.1,0.5,,,
144,Diego Coppola,Brighton,DEF,2,0,0,0,16,0,0,0,0,5.4,0.1,0.0,0.1,4.4,0.5,1.0,0,0.1,0.5,,,
316,Antonee Robinson,Fulham,DEF,2,0,0,0,51,0,0,0,0,11.8,21.5,4.0,0.8,5.0,0.5,1.0,0,0.1,0.4,,100.0,100.0
39,Ian Maatsen,Aston Villa,DEF,2,0,0,0,141,1,0,0,0,34.6,57.0,13.0,0.6,4.4,0.3,0.7,0,0.1,0.5,,,
292,Vitalii Mykolenko,Everton,DEF,2,0,0,0,175,0,0,0,0,19.2,16.7,6.0,0.4,4.9,0.5,1.0,0,0.1,0.4,,50.0,100.0
570,Kevin Danso,Spurs,DEF,2,0,0,0,11,0,0,0,0,6.2,0.8,0.0,0.2,4.3,0.3,1.0,0,0.1,0.5,,,
734,Dilane Bakwa,Nott'm Forest,MID,2,0,0,0,88,0,0,0,0,13.6,15.2,28.0,0.0,6.0,1.0,1.0,0,0.2,0.3,,,
542,Jenson Seelt,Sunderland,DEF,2,0,0,0,133,0,0,0,0,33.6,2.4,0.0,0.2,4.0,0.0,1.0,0,0.0,0.5,has joined Wolfsburg on loan for the rest of the season.,0.0,0.0
724,Lutsharel Geertruida,Sunderland,DEF,2,0,0,0,15,0,0,0,0,7.0,0.0,0.0,0.0,4.5,1.0,1.0,0,0.2,0.4,,,
331,Tom Cairney,Fulham,MID,2,0,0,0,34,1,0,0,0,0.4,1.3,0.0,0.0,4.9,0.5,0.7,0,0.1,0.4,,,
466,Joshua Zirkzee,Man Utd,FWD,2,0,0,0,69,0,0,0,0,8.4,15.7,54.0,0.4,5.9,0.5,1.0,0,0.1,0.3,,100.0,100.0
52,Jacob Ramsey,Newcastle,MID,2,0,0,0,59,0,0,0,0,13.4,41.8,7.0,0.3,5.4,0.5,1.0,0,0.1,0.4,Ankle injury - Expected back 18 Oct,0.0,0.0
638,Ki-Jana Hoever,Wolves,DEF,2,0,0,0,106,0,0,0,0,22.8,34.2,2.0,1.3,4.0,0.0,1.0,0,0.0,0.5,,25.0,100.0
456,Jadon Sancho,Aston Villa,MID,1,0,0,0,8,0,0,0,0,0.8,2.8,7.0,0.2,5.9,0.2,1.0,0,0.0,0.2,,,
702,Bradley Burrowes,Aston Villa,MID,1,0,0,0,16,0,0,0,0,0.0,0.3,0.0,0.1,4.5,0.3,1.0,0,0.1,0.2,,,
719,Victor Lindelöf,Aston Villa,DEF,1,0,0,0,7,0,0,0,0,0.4,0.3,0.0,0.0,4.5,0.5,1.0,0,0.1,0.2,,75.0,100.0
623,Freddie Potts,West Ham,MID,1,0,0,0,45,0,0,0,0,6.2,2.2,2.0,0.7,4.4,0.0,1.0,0,0.0,0.2,,,
656,Saša Kalajdžić,Wolves,FWD,1,0,0,0,14,0,0,0,0,1.0,4.3,2.0,0.1,4.9,0.3,1.0,0,0.1,0.2,has joined LASK on loan for the rest of the season.,0.0,0.0
206,Marcus Edwards,Burnley,MID,1,0,0,0,5,0,0,0,0,0.0,0.0,0.0,0.1,4.8,0.0,1.0,0,0.0,0.2,,,
96,Ben Winterburn,Bournemouth,MID,1,0,0,0,6,0,0,0,0,0.0,0.0,0.0,0.1,4.5,0.0,1.0,0,0.0,0.2,has joined Barnet on loan for the rest of the season.,0.0,0.0
680,Armando Broja,Burnley,FWD,1,0,0,0,1,0,0,0,0,2.0,0.1,0.0,0.1,5.4,0.3,1.0,0,0.1,0.2,,100.0,100.0
88,Lewis Cook,Bournemouth,MID,1,0,0,0,4,0,0,0,0,2.0,0.1,0.0,0.0,4.9,0.3,1.0,0,0.1,0.2,,100.0,100.0
480,Jamaal Lascelles,Newcastle,DEF,1,0,0,0,6,0,0,0,0,3.0,0.0,0.0,0.1,4.4,0.2,1.0,0,0.0,0.2,,,
80,Julio Soler Barreto,Bournemouth,DEF,1,0,0,0,1,0,0,0,0,0.0,0.0,0.0,0.3,4.0,0.3,1.0,0,0.1,0.2,,,
30,Kai Havertz,Arsenal,FWD,1,0,0,0,30,0,0,0,0,2.8,0.8,2.0,0.4,7.3,0.0,1.0,0,0.0,0.1,Knee injury - Unknown return date,0.0,0.0
168,Facundo Buonanotte,Chelsea,MID,1,0,0,0,45,0,0,0,0,5.6,25.1,8.0,0.1,4.8,0.2,1.0,0,0.0,0.2,Ineligible to face his parent club on 27/9. - Expected back 04 Oct,,0.0
284,Eddie Nketiah,Crystal Palace,FWD,1,0,0,0,15,0,0,0,0,3.4,10.4,7.0,0.2,5.4,0.2,1.0,0,0.0,0.2,,100.0,100.0
610,Aaron Wan-Bissaka,West Ham,DEF,1,0,0,0,180,0,0,0,0,34.8,44.5,8.0,9.8,4.3,0.0,0.5,0,0.0,0.2,Abdominal injury - 50% chance of playing,0.0,50.0
518,João Pedro Ferreira da Silva,Nott'm Forest,MID,1,0,0,0,11,0,0,0,0,5.0,0.5,4.0,0.1,5.4,0.0,1.0,0,0.0,0.2,has joined Besiktas on loan for the rest of the season.,0.0,0.0
372,Andrew Robertson,Liverpool,DEF,1,0,0,0,82,0,0,0,0,30.0,72.1,25.0,1.1,5.9,0.2,0.5,0,0.0,0.2,,,
731,Kevin Santos Lopes de Macedo,Fulham,MID,1,0,0,0,37,1,0,0,0,13.6,19.8,7.0,0.1,6.0,0.5,0.5,0,0.1,0.2,,,
545,Patrick Roberts,Sunderland,MID,1,0,0,0,27,0,0,0,0,1.8,7.3,5.0,0.0,5.4,0.0,1.0,0,0.0,0.2,has joined Birmingham City on loan for the rest of the season.,0.0,0.0
728,Merlin Röhl,Everton,MID,1,0,0,0,24,0,0,0,0,3.0,10.7,1.0,0.0,5.0,0.5,1.0,0,0.1,0.2,Hip injury - 75% chance of playing,,75.0
549,Dan Neil,Sunderland,MID,1,0,0,0,1,0,0,0,0,1.0,0.0,0.0,0.0,4.9,0.3,1.0,0,0.1,0.2,,,
707,Tyler Dibling,Everton,MID,1,0,0,0,4,0,0,0,0,0.0,0.5,0.0,0.0,5.5,0.3,1.0,0,0.1,0.2,,,
305,Harrison Armstrong,Everton,MID,1,0,0,0,1,0,0,0,0,0.0,0.0,0.0,0.1,4.5,0.2,1.0,0,0.0,0.2,has joined Preston North End on loan for the rest of the season.,0.0,0.0
300,Dwight McNeil,Everton,MID,1,0,0,0,19,0,0,0,0,0.0,11.3,8.0,0.2,5.7,0.2,1.0,0,0.0,0.2,,,
294,Séamus Coleman,Everton,DEF,1,0,0,0,1,0,0,0,0,0.0,0.0,0.0,0.1,4.4,0.2,1.0,0,0.0,0.2,,,
678,Arthur Masuaku,Sunderland,DEF,1,0,0,0,10,0,0,0,0,2.0,0.1,0.0,0.6,4.0,0.3,1.0,0,0.1,0.2,,100.0,100.0
732,Christantus Uche,Crystal Palace,FWD,1,0,0,0,6,0,0,0,0,3.4,0.8,19.0,0.0,5.5,0.5,1.0,0,0.1,0.2,,,
285,Odsonne Édouard,Crystal Palace,FWD,1,0,0,0,2,0,0,0,0,2.0,0.0,0.0,0.4,5.0,0.2,1.0,0,0.0,0.2,has joined RC Lens permanently.,0.0,0.0
730,Brian Brobbey,Sunderland,FWD,1,0,0,0,21,0,0,0,0,1.0,0.1,0.0,0.1,5.5,0.5,1.0,0,0.1,0.2,,,
346,Sam Byram,Leeds,DEF,1,0,0,0,7,0,0,0,0,0.0,0.0,0.0,0.2,3.9,0.0,1.0,0,0.0,0.3,,,
269,Romain Esse,Crystal Palace,MID,1,0,0,0,24,0,0,0,0,4.6,0.4,2.0,0.2,4.8,0.2,1.0,0,0.0,0.2,,,
263,Nathaniel Clyne,Crystal Palace,DEF,1,0,0,0,4,0,0,0,0,3.4,0.5,0.0,0.5,4.0,0.2,1.0,0,0.0,0.2,,,
609,Jean-Clair Todibo,West Ham,DEF,1,0,0,0,126,0,0,0,0,25.2,3.4,0.0,0.1,4.4,0.0,0.5,0,0.0,0.2,,,
122,Antoni Milambo,Brentford,MID,1,0,0,0,45,0,0,0,0,4.0,1.8,0.0,0.0,5.4,0.0,1.0,0,0.0,0.2,,,
125,Vitaly Janelt,Brentford,MID,1,0,0,0,16,0,0,0,0,0.0,0.1,0.0,0.0,4.9,0.3,1.0,0,0.1,0.2,,100.0,100.0
600,Alphonse Areola,West Ham,GKP,1,0,0,0,90,0,0,1,0,13.2,0.0,0.0,2.5,4.4,0.3,1.0,0,0.1,0.2,,,
180,Stefanos Tzimas,Brighton,FWD,1,0,0,0,23,0,0,0,0,0.0,0.1,0.0,0.1,5.4,0.2,1.0,0,0.0,0.2,,,
499,Alexander Isak,Liverpool,FWD,1,0,0,0,23,0,0,0,0,2.4,0.3,4.0,9.6,10.5,0.2,1.0,0,0.0,0.1,,100.0,100.0
221,Filip Jörgensen,Chelsea,GKP,1,0,0,0,84,0,0,1,0,9.4,0.0,0.0,0.2,4.4,0.3,1.0,0,0.1,0.2,,,
447,Ayden Heaven,Man Utd,DEF,1,0,0,0,3,0,0,0,0,2.0,0.0,0.0,1.2,3.9,0.2,1.0,0,0.1,0.3,,,
485,Anthony Gordon,Newcastle,MID,1,0,0,1,137,0,1,0,0,5.4,24.2,86.0,0.9,7.4,-0.5,0.5,0,-0.1,0.1,,0.0,100.0
453,Alejandro Garnacho Ferreyra,Chelsea,MID,1,0,0,0,11,0,0,0,0,2.0,10.5,6.0,0.3,6.4,0.2,1.0,0,0.0,0.2,,,
716,Nicolò Savona,Nott'm Forest,DEF,0,0,0,0,53,0,0,0,0,11.0,11.1,4.0,0.0,4.5,0.0,0.0,0,0.0,0.0,,,
713,Álex Jiménez Sánchez,Bournemouth,DEF,0,0,0,0,48,2,0,0,0,4.4,1.9,9.0,0.0,4.5,0.0,0.0,0,0.0,0.0,,,
672,Jorrel Hato,Chelsea,DEF,0,0,0,0,66,2,0,0,0,1.2,2.5,2.0,0.2,4.8,0.0,0.0,0,0.0,0.0,,,
632,Matt Doherty,Wolves,DEF,0,0,0,0,180,2,0,0,0,29.0,7.7,0.0,0.1,4.4,0.0,0.0,0,0.0,0.0,,,
111,Ethan Pinnock,Brentford,DEF,0,0,0,0,155,1,0,0,0,31.8,0.8,10.0,0.1,4.4,0.0,0.0,0,0.0,0.0,,100.0,100.0
