Player,Nation,Pos,Age,MP,Starts,Min,Gls,Ast,PK,CrdY,CrdR,xG,npxG,tn
William Saliba,fr FRA,DF,25,28,28,2520,2,1,0,3,0,1.5,1.5,Arsenal-
Declan Rice,eng ENG,MF,25,28,28,2391,6,5,0,3,0,2.2,2.2,Arsenal-
Bukayo Saka,eng ENG,FW,25,27,27,2262,13,8,4,3,0,11.5,8.4,Arsenal-
Martin Ødegaard,no NOR,MF,25,25,25,2208,6,6,2,2,0,5.6,4,Arsenal-
Ben White,eng ENG,DF,25,27,25,2134,2,4,0,5,0,0.7,0.7,Arsenal-
Gabriel Dos Santos,br BRA,DF,25,26,24,2176,4,0,0,3,0,3.3,3.3,Arsenal-
Gabriel Martinelli,br BRA,FW,25,25,23,1749,6,4,0,1,0,5.6,5.6,Arsenal-
David Raya,es ESP,GK,25,22,22,1980,0,0,0,0,0,0,0,Arsenal-
Kai Havertz,de GER,"MF,FW",25,27,20,1779,8,3,1,7,0,7.8,7,Arsenal-
Oleksandr Zinchenko,ua UKR,DF,25,22,17,1440,1,2,0,2,0,0.5,0.5,Arsenal-
Gabriel Jesus,br BRA,FW,25,19,13,1141,4,3,0,5,0,5.4,5.4,Arsenal-
Eddie Nketiah,eng ENG,FW,25,24,10,1052,5,2,0,3,0,4.4,4.4,Arsenal-
Leandro Trossard,be BEL,"FW,MF",25,24,10,1020,7,1,0,0,0,5.3,5.3,Arsenal-
Jakub Kiwior,pl POL,DF,25,16,9,788,1,3,0,1,0,0.8,0.8,Arsenal-
Jorginho,it ITA,MF,25,18,8,728,0,1,0,1,0,0.1,0.1,Arsenal-
Aaron Ramsdale,eng ENG,GK,25,6,6,540,0,0,0,0,0,0,0,Arsenal-
Takehiro Tomiyasu,jp JPN,DF,25,13,5,634,1,1,0,2,1,0.5,0.5,Arsenal-
Thomas Partey,gh GHA,"DF,MF",25,6,3,278,0,0,0,0,0,0.1,0.1,Arsenal-
Fabio Vieira,pt POR,"MF,FW",25,9,2,286,1,2,1,0,1,1.2,0.4,Arsenal-
Emile Smith Rowe,eng ENG,MF,25,10,2,235,0,1,0,0,0,1.5,1.5,Arsenal-
Jurriën Timber,nl NED,DF,25,1,1,49,0,0,0,1,0,0,0,Arsenal-
Reiss Nelson,eng ENG,"FW,MF",25,14,0,194,0,0,0,1,0,0.1,0.1,Arsenal-
Cédric Soares,pt POR,DF,25,3,0,62,0,0,0,0,0,0,0,Arsenal-
Mohamed Elneny,eg EGY,MF,25,3,0,28,0,0,0,0,0,0.1,0.1,Arsenal-
Ethan Nwaneri,eng ENG,FW,25,1,0,14,0,0,0,0,0,0,0,Arsenal-
Mauro Bandeira,pt POR,MF,25,0,0,,,,,,,,,Arsenal-
Bradley Ibrahim,eng ENG,MF,25,0,0,,,,,,,,,Arsenal-
Karl Jakob Hein,ee EST,GK,25,0,0,,,,,,,,,Arsenal-
Myles Lewis-Skelly,eng ENG,MF,25,0,0,,,,,,,,,Arsenal-
Charles Sagoe Jr,eng ENG,FW,25,0,0,,,,,,,,,Arsenal-
James Sweet,wls WAL,DF,25,0,0,,,,,,,,,Arsenal-
Reuell Walters,eng ENG,DF,25,0,0,,,,,,,,,Arsenal-
Squad Total,,,25,28,308,2520,67,47,8,43,2,56.6,50.5,Arsenal-
Opponent Total,,,25,28,308,2520,23,18,1,66,2,19.4,17.9,Arsenal-
Virgil van Dijk,nl NED,DF,25,26,26,2277,2,2,0,1,1,2.1,2.1,Liverpool-
Luis Díaz,co COL,FW,25,27,22,1836,6,3,0,2,0,8.6,8.6,Liverpool-
Alexis Mac Allister,ar ARG,MF,25,23,22,1809,3,4,1,5,1,2,1.2,Liverpool-
Alisson,br BRA,GK,25,21,21,1890,0,0,0,1,0,0,0,Liverpool-
Dominik Szoboszlai,hu HUN,MF,25,23,21,1732,3,2,0,1,0,2.4,2.4,Liverpool-
Mohamed Salah,eg EGY,FW,25,22,20,1816,15,9,4,2,0,15,10.1,Liverpool-
Trent Alexander-Arnold,eng ENG,DF,25,21,19,1622,2,4,0,5,0,1.8,1.5,Liverpool-
Darwin Núñez,uy URU,FW,25,26,17,1571,10,7,0,8,0,13.5,12.7,Liverpool-
Joe Gomez,eng ENG,DF,25,24,14,1452,0,1,0,4,0,0.6,0.6,Liverpool-
Ibrahima Konaté,fr FRA,DF,25,19,14,1332,0,0,0,5,1,0.4,0.4,Liverpool-
Diogo Jota,pt POR,FW,25,19,13,1047,9,3,0,3,1,4.4,4.4,Liverpool-
Cody Gakpo,nl NED,"FW,MF",25,26,12,1163,5,3,0,0,0,6,6,Liverpool-
Wataru Endo,jp JPN,MF,25,20,12,1094,1,0,0,7,0,0.3,0.3,Liverpool-
Curtis Jones,eng ENG,MF,25,17,12,956,1,1,0,1,1,1.8,1.8,Liverpool-
Andrew Robertson,sct SCO,DF,25,15,11,1066,1,1,0,2,0,0.7,0.7,Liverpool-
Ryan Gravenberch,nl NED,MF,25,19,9,845,0,0,0,0,0,1.5,1.5,Liverpool-
Joël Matip,cm CMR,DF,25,10,9,781,0,0,0,2,0,0.5,0.5,Liverpool-
Kostas Tsimikas,gr GRE,DF,25,12,8,672,0,3,0,0,0,0.1,0.1,Liverpool-
Caoimhín Kelleher,ie IRL,GK,25,7,7,630,0,0,0,0,0,0,0,Liverpool-
Harvey Elliott,eng ENG,"MF,FW",25,24,6,838,2,2,0,1,0,1.3,1.3,Liverpool-
Jarell Quansah,eng ENG,DF,25,9,6,533,0,0,0,1,0,0.1,0.1,Liverpool-
Conor Bradley,nir NIR,DF,25,6,6,441,1,3,0,1,0,0.7,0.7,Liverpool-
Bobby Clark,eng ENG,MF,25,5,1,89,0,0,0,0,0,0.1,0.1,Liverpool-
Ben Doak,sct SCO,FW,25,1,0,14,0,0,0,0,0,0,0,Liverpool-
Jayden Danns,eng ENG,FW,25,2,0,9,0,0,0,1,0,0,0,Liverpool-
Owen Beck,wls WAL,DF,25,1,0,8,0,0,0,0,0,0,0,Liverpool-
Thiago Alcántara,es ESP,MF,25,1,0,6,0,0,0,0,0,0,0,Liverpool-
James McConnell,eng ENG,MF,25,3,0,4,0,0,0,0,0,0,0,Liverpool-
Kaide Gordon,eng ENG,FW,25,1,0,1,0,0,0,0,0,0,0,Liverpool-
Adrián,es ESP,GK,25,0,0,,,,,,,,,Liverpool-
Stefan Bajcetic,es ESP,DF,25,0,0,,,,,,,,,Liverpool-
Luke Chambers,eng ENG,DF,25,0,0,,,,,,,,,Liverpool-
Lewis Koumas,wls WAL,MF,25,0,0,,,,,,,,,Liverpool-
Fabian Mrozek,pl POL,GK,25,0,0,,,,,,,,,Liverpool-
Amara Nallo,eng ENG,DF,25,0,0,,,,,,,,,Liverpool-
Trey Nyoni,eng ENG,MF,25,0,0,,,,,,,,,Liverpool-
Marcelo Pitaluga,br BRA,GK,25,0,0,,,,,,,,,Liverpool-
Calum Scanlon,eng ENG,MF,25,0,0,,,,,,,,,Liverpool-
Squad Total,,,25,28,308,2520,61,48,5,53,5,62.6,56,Liverpool-
Opponent Total,,,25,28,308,2520,25,17,1,79,3,34.5,33.7,Liverpool-
Ederson,br BRA,GK,25,27,27,2312,0,0,0,5,0,0,0,Manchester-City-
Phil Foden,eng ENG,"FW,MF",25,28,26,2309,11,7,0,1,0,8.5,8.5,Manchester-City-
juilan Alvarez,ar ARG,"MF,FW",25,28,26,2197,8,7,1,2,0,9,8.2,Manchester-City-
Kyle Walker,eng ENG,DF,25,26,25,2260,0,2,0,2,0,0.4,0.4,Manchester-City-
Rodri,es ESP,MF,25,25,25,2166,6,5,0,8,1,3.3,3.3,Manchester-City-
Erling Haaland,no NOR,FW,25,23,22,1922,18,5,3,1,0,20.9,17.8,Manchester-City-
Bernardo Silva,pt POR,"MF,FW",25,24,21,1897,6,4,0,7,0,2.9,2.9,Manchester-City-
Nathan Aké,nl NED,DF,25,23,19,1727,2,2,0,0,0,1.6,1.6,Manchester-City-
Manuel Akanji,ch SUI,"DF,MF",25,20,19,1676,2,0,0,4,1,0.9,0.9,Manchester-City-
Joško Gvardiol,hr CRO,DF,25,18,16,1473,0,0,0,2,0,1,1,Manchester-City-
Jeremy Doku,be BEL,"FW,MF",25,20,14,1199,2,5,0,3,0,1.4,1.4,Manchester-City-
John Stones,eng ENG,"DF,MF",25,14,11,952,1,0,0,2,0,1,1,Manchester-City-
Mateo Kovačić,hr CRO,MF,25,20,10,971,0,0,0,3,0,0.8,0.8,Manchester-City-
Jack Grealish,eng ENG,FW,25,14,7,707,3,1,0,5,0,1.9,1.9,Manchester-City-
Matheus Nunes,pt POR,"MF,FW",25,11,6,505,0,2,0,0,0,0.4,0.4,Manchester-City-
Kevin De Bruyne,be BEL,MF,25,9,6,493,1,5,0,1,0,1,1,Manchester-City-
Rico Lewis,eng ENG,"MF,DF",25,10,5,454,1,0,0,1,0,0.3,0.3,Manchester-City-
Stefan Ortega,de GER,GK,25,3,1,208,0,0,0,0,0,0,0,Manchester-City-
Oscar Bobb,no NOR,"FW,MF",25,9,1,180,1,1,0,0,0,1.3,1.3,Manchester-City-
Kalvin Phillips,eng ENG,MF,25,4,0,93,0,0,0,0,0,0.1,0.1,Manchester-City-
Sergio Gómez,es ESP,FW,25,3,0,20,0,1,0,0,0,0,0,Manchester-City-
Aymeric Laporte,es ESP,DF,25,1,0,12,0,0,0,0,0,0,0,Manchester-City-
Cole Palmer,eng ENG,MF,25,1,0,11,0,0,0,0,0,0,0,Manchester-City-
James Mcatee,eng ENG,MF,25,1,0,1,0,0,0,0,0,0,0,Manchester-City-
Scott Carson,eng ENG,GK,25,0,0,,,,,,,,,Manchester-City-
Micah Hamilton,eng ENG,MF,25,0,0,,,,,,,,,Manchester-City-
Mahamadou Susoho,es ESP,DF,25,0,0,,,,,,,,,Manchester-City-
Jacob Wright,eng ENG,MF,25,0,0,,,,,,,,,Manchester-City-
Squad Total,,,25,28,308,2520,62,47,4,47,2,56.6,52.9,Manchester-City-
Opponent Total,,,25,28,308,2520,27,20,3,75,1,27.6,25.2,Manchester-City-
Ollie Watkins,eng ENG,FW,25,29,29,2565,16,10,0,4,0,14.3,14.3,Aston-Villa-
Emiliano Martínez,ar ARG,GK,25,28,28,2520,0,0,0,4,0,0,0,Aston-Villa-
Douglas Luiz,br BRA,MF,25,28,28,2418,9,5,4,8,0,6.6,3.5,Aston-Villa-
John McGinn,sct SCO,"MF,FW",25,28,28,2373,6,3,0,7,1,4.3,4.3,Aston-Villa-
Ezri Konsa,eng ENG,DF,25,26,26,2260,0,0,0,5,0,2,2,Aston-Villa-
Matty Cash,pl POL,DF,25,26,21,1898,2,1,0,6,0,4.1,4.1,Aston-Villa-
Pau Torres,es ESP,DF,25,22,20,1834,2,0,0,1,0,0.9,0.9,Aston-Villa-
Boubacar Kamara,fr FRA,MF,25,20,20,1652,0,1,0,7,1,0.1,0.1,Aston-Villa-
Lucas Digne,fr FRA,DF,25,24,19,1664,1,2,0,5,0,0.8,0.8,Aston-Villa-
Moussa Diaby,fr FRA,"FW,MF",25,29,18,1571,4,6,0,1,0,5.1,5.1,Aston-Villa-
Leon Bailey,jm JAM,"MF,FW",25,27,16,1492,8,8,0,4,0,4.7,4.7,Aston-Villa-
Diego Carlos,br BRA,DF,25,18,13,1166,0,0,0,3,0,0.6,0.6,Aston-Villa-
Youri Tielemans,be BEL,"MF,FW",25,25,11,1145,1,4,0,2,0,1.1,1.1,Aston-Villa-
Álex Moreno,es ESP,DF,25,16,10,936,2,0,0,2,0,1.1,1.1,Aston-Villa-
Jacob Ramsey,eng ENG,"MF,FW",25,16,8,853,1,1,0,2,0,2.2,2.2,Aston-Villa-
Nicolò Zaniolo,it ITA,"MF,FW",25,20,7,620,2,0,0,7,0,2,2,Aston-Villa-
Jhon Durán,co COL,"FW,MF",25,15,1,230,2,0,0,4,0,1.3,1.3,Aston-Villa-
Morgan Rogers,eng ENG,MF,25,4,1,123,0,0,0,1,0,0.4,0.4,Aston-Villa-
Leander Dendoncker,be BEL,MF,25,8,1,119,1,0,0,0,0,0.7,0.7,Aston-Villa-
Robin Olsen,se SWE,GK,25,1,1,90,0,0,0,0,0,0,0,Aston-Villa-
Tyrone Mings,eng ENG,DF,25,1,1,30,0,0,0,0,0,0,0,Aston-Villa-
Tim Iroegbunam,eng ENG,MF,25,5,0,60,0,0,0,0,0,0,0,Aston-Villa-
Calum Chambers,eng ENG,DF,25,1,0,45,0,0,0,0,0,0,0,Aston-Villa-
Philippe Coutinho,br BRA,"MF,FW",25,2,0,25,0,0,0,0,0,0.1,0.1,Aston-Villa-
Bertrand Traoré,bf BFA,"DF,FW",25,2,0,11,0,0,0,0,0,0,0,Aston-Villa-
Cameron Archer,eng ENG,MF,25,1,0,6,0,0,0,1,0,0,0,Aston-Villa-
Jaden Philogene Bidace,eng ENG,FW,25,1,0,4,0,0,0,0,0,0,0,Aston-Villa-
Joe Gauci,au AUS,GK,25,0,0,,,,,,,,,Aston-Villa-
Omari Kellyman,eng ENG,MF,25,0,0,,,,,,,,,Aston-Villa-
Kaine Kessler,eng ENG,"DF,MF",25,0,0,,,,,,,,,Aston-Villa-
Filip Marshall,eng ENG,GK,25,0,0,,,,,,,,,Aston-Villa-
Tommi O'Reilly,eng ENG,MF,25,0,0,,,,,,,,,Aston-Villa-
Sam Proctor,eng ENG,GK,25,0,0,,,,,,,,,Aston-Villa-
James Wright,eng ENG,GK,25,0,0,,,,,,,,,Aston-Villa-
Oliwier Zych,pl POL,GK,25,0,0,,,,,,,,,Aston-Villa-
Squad Total,,,25,29,319,2610,57,42,4,76,2,51.6,48.6,Aston-Villa-
Opponent Total,,,25,29,319,2610,39,34,0,72,4,41.9,41.9,Aston-Villa-
Guglielmo Vicario,it ITA,GK,25,28,28,2520,0,0,0,2,0,0,0,Tottenham-Hotspur-
Pedro Porro,es ESP,DF,25,25,25,2246,0,7,0,3,0,2.2,2.2,Tottenham-Hotspur-
Dejan Kulusevski,se SWE,"FW,MF",25,26,25,2208,6,3,0,6,0,3.5,3.5,Tottenham-Hotspur-
Son Heung-min,kr KOR,FW,25,25,24,2073,14,8,1,1,0,8,7.3,Tottenham-Hotspur-
Destiny Udogie,it ITA,DF,25,24,24,2031,2,3,0,7,1,2.3,2.3,Tottenham-Hotspur-
Cristian Romero,ar ARG,DF,25,23,23,1890,4,0,0,4,1,1.6,1.6,Tottenham-Hotspur-
Pape Matar Sarr,sn SEN,MF,25,24,20,1485,3,3,0,6,0,2.6,2.6,Tottenham-Hotspur-
Yves Bissouma,ml MLI,MF,25,20,19,1549,0,0,0,8,2,1.2,1.2,Tottenham-Hotspur-
Micky van de Ven,nl NED,DF,25,18,18,1529,1,0,0,1,0,0.3,0.3,Tottenham-Hotspur-
James Maddison,eng ENG,MF,25,18,18,1460,4,7,0,3,0,4.2,4.2,Tottenham-Hotspur-
Richarlison,br BRA,FW,25,23,17,1357,10,3,0,3,0,8.8,8.8,Tottenham-Hotspur-
Brennan Johnson,wls WAL,FW,25,22,15,1276,4,6,0,2,0,5.8,5.8,Tottenham-Hotspur-
Ben Davies,wls WAL,DF,25,16,11,1003,1,0,0,1,0,2.3,2.3,Tottenham-Hotspur-
Emerson,br BRA,DF,25,18,9,959,1,0,0,3,0,0.2,0.2,Tottenham-Hotspur-
Rodrigo Bentancur,uy URU,MF,25,13,7,534,1,0,0,4,0,1,1,Tottenham-Hotspur-
Pierre Højbjerg,dk DEN,MF,25,27,6,1017,0,0,0,3,0,0.4,0.4,Tottenham-Hotspur-
Timo Werner,de GER,FW,25,8,5,443,2,2,0,0,0,2.7,2.7,Tottenham-Hotspur-
Oliver Skipp,eng ENG,"MF,FW",25,17,4,582,0,0,0,2,0,0.6,0.6,Tottenham-Hotspur-
Giovani Lo Celso,ar ARG,MF,25,13,4,424,2,2,0,1,0,0.4,0.4,Tottenham-Hotspur-
Manor Solomon,il ISR,FW,25,5,2,199,0,2,0,1,0,0.4,0.4,Tottenham-Hotspur-
Bryan Gil,es ESP,"FW,MF",25,10,2,196,0,0,0,0,0,0.7,0.7,Tottenham-Hotspur-
Eric Dier,eng ENG,DF,25,4,1,201,0,0,0,0,0,0,0,Tottenham-Hotspur-
Radu Drăgușin,ro ROU,DF,25,5,1,143,0,0,0,1,0,0.1,0.1,Tottenham-Hotspur-
Ivan Perišić,hr CRO,FW,25,5,0,103,0,1,0,2,0,0.1,0.1,Tottenham-Hotspur-
Davinson Sánchez,co COL,DF,25,1,0,77,0,0,0,1,0,0.1,0.1,Tottenham-Hotspur-
Jamie Donley,eng ENG,FW,25,3,0,3,0,0,0,1,0,0,0,Tottenham-Hotspur-
Dane Scarlett,eng ENG,FW,25,1,0,1,0,0,0,0,0,0,0,Tottenham-Hotspur-
Brandon Austin,eng ENG,GK,25,0,0,,,,,,,,,Tottenham-Hotspur-
Alfie Dorrington,eng ENG,DF,25,0,0,,,,,,,,,Tottenham-Hotspur-
Fraser Forster,eng ENG,GK,25,0,0,,,,,,,,,Tottenham-Hotspur-
Ashley Phillips,wls WAL,DF,25,0,0,,,,,,,,,Tottenham-Hotspur-
Yago Santiago,es ESP,"FW,MF",25,0,0,,,,,,,,,Tottenham-Hotspur-
Squad Total,,,25,28,308,2520,56,47,1,67,4,49.4,48.6,Tottenham-Hotspur-
Opponent Total,,,25,28,308,2520,40,25,6,79,4,46.4,42.3,Tottenham-Hotspur-
André Onana,cm CMR,GK,25,28,28,2520,0,0,0,4,0,0,0,Manchester-United-
Bruno Fernandes,pt POR,"MF,FW",25,27,27,2430,4,6,2,8,0,7.2,4.9,Manchester-United-
Diogo Dalot,pt POR,DF,25,26,25,2274,1,2,0,6,1,0.9,0.9,Manchester-United-
Marcus Rashford,eng ENG,FW,25,27,23,1988,7,2,2,2,0,7.1,5.5,Manchester-United-
Alejandro Garnacho,ar ARG,FW,25,26,20,1767,5,3,0,4,0,5.7,5.6,Manchester-United-
Casemiro,br BRA,MF,25,15,15,1177,1,1,0,4,0,2.4,2.4,Manchester-United-
Scott McTominay,sct SCO,"MF,FW",25,25,14,1473,7,1,0,1,0,5.1,5.1,Manchester-United-
Kobbie Mainoo,eng ENG,MF,25,14,14,1106,1,0,0,3,0,0.2,0.2,Manchester-United-
Victor Lindelöf,se SWE,DF,25,18,13,1260,1,1,0,2,0,0.8,0.8,Manchester-United-
Harry Maguire,eng ENG,DF,25,16,13,1158,1,2,0,3,0,1.7,1.7,Manchester-United-
Jonny Evans,nir NIR,DF,25,18,12,1086,0,1,0,2,0,0.1,0.1,Manchester-United-
Luke Shaw,eng ENG,DF,25,12,12,959,0,0,0,6,0,0,0,Manchester-United-
Antony,br BRA,FW,25,22,11,953,0,0,0,3,0,1.5,1.5,Manchester-United-
Aaron Wan-Bissaka,eng ENG,DF,25,12,10,884,0,1,0,3,0,0.1,0.1,Manchester-United-
Christian Eriksen,dk DEN,MF,25,16,9,887,1,1,0,1,0,0.7,0.7,Manchester-United-
Sofyan Amrabat,ma MAR,"MF,DF",25,14,7,640,0,0,0,3,0,0.1,0.1,Manchester-United-
Lisandro Martínez,ar ARG,DF,25,8,7,558,0,1,0,3,0,0,0,Manchester-United-
Anthony Martial,fr FRA,FW,25,13,5,448,1,0,0,0,0,1.2,1.2,Manchester-United-
Sergio Reguilón,es ESP,DF,25,9,4,412,0,0,0,3,0,0.2,0.2,Manchester-United-
Mason Mount,eng ENG,MF,25,8,4,400,0,0,0,1,0,0.2,0.2,Manchester-United-
Facundo Pellistri,uy URU,"FW,MF",25,9,1,172,0,1,0,0,0,0.7,0.7,Manchester-United-
Hannibal Mejbri,tn TUN,"MF,FW",25,5,1,133,1,0,0,1,0,0,0,Manchester-United-
Willy Kambwala,fr FRA,DF,25,4,1,109,0,0,0,0,0,0,0,Manchester-United-
Omari Forson,eng ENG,FW,25,3,1,66,0,1,0,0,0,0,0,Manchester-United-
Jadon Sancho,eng ENG,"FW,MF",25,3,0,79,0,0,0,0,0,0,0,Manchester-United-
Amad Diallo,ci CIV,FW,25,2,0,48,0,0,0,0,0,0.1,0.1,Manchester-United-
Donny van de Beek,nl NED,DF,25,1,0,3,0,0,0,0,0,0,0,Manchester-United-
Daniel Gore,eng ENG,MF,25,1,0,1,0,0,0,0,0,0,0,Manchester-United-
Altay Bayındır,tr TUR,GK,25,0,0,,,,,,,,,Manchester-United-
Rhys Bennett,eng ENG,DF,25,0,0,,,,,,,,,Manchester-United-
Álvaro Carreras,es ESP,"DF,MF",25,0,0,,,,,,,,,Manchester-United-
Toby Collier,eng ENG,MF,25,0,0,,,,,,,,,Manchester-United-
Tom Heaton,eng ENG,GK,25,0,0,,,,,,,,,Manchester-United-
Dean Henderson,eng ENG,GK,25,0,0,,,,,,,,,Manchester-United-
Joe Hugill,eng ENG,FW,25,0,0,,,,,,,,,Manchester-United-
Dermot Mee,nir NIR,GK,25,0,0,,,,,,,,,Manchester-United-
Habeeb Ogunneye,eng ENG,DF,25,0,0,,,,,,,,,Manchester-United-
Squad Total,,,25,28,308,2520,39,26,4,67,1,43.3,39.3,Manchester-United-
Opponent Total,,,25,28,308,2520,38,28,3,62,1,47.4,45.1,Manchester-United-
Jarrod Bowen,eng ENG,FW,25,28,28,2516,14,3,0,2,0,9.3,9.3,West-Ham-United-
James Ward-Prowse,eng ENG,MF,25,28,27,2339,5,7,2,4,0,5.5,3.9,West-Ham-United-
Emerson Palmieri,it ITA,DF,25,27,26,2354,1,2,0,7,0,1.1,1.1,West-Ham-United-
Alphonse Areola,fr FRA,GK,25,26,26,2294,0,0,0,1,0,0,0,West-Ham-United-
Tomáš Souček,cz CZE,MF,25,28,26,2235,6,1,0,5,0,6,6,West-Ham-United-
Kurt Zouma,fr FRA,DF,25,24,24,2087,2,0,0,3,0,1.5,1.5,West-Ham-United-
Edson Álvarez,mx MEX,MF,25,25,23,1968,1,1,0,10,0,1.3,1.3,West-Ham-United-
Lucas Paquetá,br BRA,"FW,MF",25,22,22,1839,3,5,1,7,0,4.1,3.3,West-Ham-United-
Nayef Aguerd,ma MAR,DF,25,20,20,1767,1,0,0,3,1,1.5,1.5,West-Ham-United-
Kudus Mohammed,gh GHA,"FW,MF",25,24,18,1680,6,3,0,6,0,3.4,3.4,West-Ham-United-
Michail Antonio,jm JAM,FW,25,17,13,1024,3,2,0,4,0,2.6,2.6,West-Ham-United-
Konstantinos Mavropanos,gr GRE,DF,25,14,11,1081,1,0,0,2,0,1.1,1.1,West-Ham-United-
Pablo Fornals,es ESP,"MF,FW",25,15,4,426,0,0,0,0,0,0.3,0.3,West-Ham-United-
Ben Johnson,eng ENG,"DF,FW",25,10,4,424,0,0,0,1,0,0.2,0.2,West-Ham-United-
Angelo Ogbonna,it ITA,DF,25,7,3,321,0,0,0,0,0,0,0,West-Ham-United-
Kalvin Phillips,eng ENG,MF,25,6,3,271,0,0,0,3,1,0.1,0.1,West-Ham-United-
Aaron Cresswell,eng ENG,DF,25,6,3,242,0,0,0,1,0,0,0,West-Ham-United-
Danny Ings,eng ENG,FW,25,14,2,264,1,0,0,1,0,1.1,1.1,West-Ham-United-
Maxwel Cornet,ci CIV,"MF,FW",25,5,1,105,1,0,0,0,0,0.4,0.4,West-Ham-United-
Divin Mubama,eng ENG,FW,25,5,0,80,0,0,0,0,0,0.1,0.1,West-Ham-United-
Thilo Kehrer,de GER,"DF,MF",25,4,0,22,0,0,0,2,0,0,0,West-Ham-United-
Joseph Anang,eng ENG,GK,25,0,0,,,,,,,,,West-Ham-United-
Kaelan Casey,eng ENG,DF,25,0,0,,,,,,,,,West-Ham-United-
Conor Coventry,ie IRL,MF,25,0,0,,,,,,,,,West-Ham-United-
George Earthy,eng ENG,MF,25,0,0,,,,,,,,,West-Ham-United-
Levi Laing,eng ENG,DF,25,0,0,,,,,,,,,West-Ham-United-
Callum Marshall,nir NIR,DF,25,0,0,,,,,,,,,West-Ham-United-
Lewis Orford,eng ENG,MF,25,0,0,,,,,,,,,West-Ham-United-
Oliver Scarles,eng ENG,DF,25,0,0,,,,,,,,,West-Ham-United-
Squad Total,,,25,29,319,2610,45,32,3,70,3,41,37.9,West-Ham-United-
Opponent Total,,,25,29,319,2610,48,35,5,48,1,50.9,45.4,West-Ham-United-
Pascal Groß,de GER,"MF,DF",25,26,24,2214,4,10,1,4,0,5.3,4.6,Brighton-and-Hove-Albion-
Lewis Dunk,eng ENG,DF,25,24,24,2104,3,1,0,6,1,2.9,2.9,Brighton-and-Hove-Albion-
Jan Paul van Hecke,nl NED,DF,25,23,21,1919,0,0,0,3,0,1.1,1.1,Brighton-and-Hove-Albion-
Billy Gilmour,sct SCO,MF,25,25,20,1778,0,1,0,5,1,0.9,0.9,Brighton-and-Hove-Albion-
Simon Adingra,ci CIV,FW,25,21,16,1446,6,1,0,2,0,3.1,3.1,Brighton-and-Hove-Albion-
Kaoru Mitoma,jp JPN,FW,25,19,15,1486,3,4,0,4,0,3.5,3.5,Brighton-and-Hove-Albion-
Evan Ferguson,ie IRL,FW,25,26,15,1359,6,0,0,1,0,4.6,4.6,Brighton-and-Hove-Albion-
Jason Steele,eng ENG,GK,25,15,15,1350,0,0,0,0,0,0,0,Brighton-and-Hove-Albion-
Danny Welbeck,eng ENG,"FW,MF",25,19,14,1028,3,1,0,2,0,3.6,3.6,Brighton-and-Hove-Albion-
Bart Verbruggen,nl NED,GK,25,13,13,1170,0,0,0,2,0,0,0,Brighton-and-Hove-Albion-
João Pedro,br BRA,"FW,MF",25,23,12,1392,8,2,4,2,0,8.4,5.2,Brighton-and-Hove-Albion-
Pervis Estupiñán,ec ECU,DF,25,16,12,1052,2,3,0,4,0,0.9,0.9,Brighton-and-Hove-Albion-
Facundo Buonanotte,ar ARG,"MF,FW",25,19,12,943,3,1,0,6,0,1.9,1.9,Brighton-and-Hove-Albion-
Igor,br BRA,DF,25,16,11,1001,0,0,0,4,0,0.1,0.1,Brighton-and-Hove-Albion-
James Milner,eng ENG,"DF,MF",25,15,11,773,0,2,0,3,0,0.3,0.3,Brighton-and-Hove-Albion-
Adam Lallana,eng ENG,MF,25,20,10,664,0,1,0,2,0,0.3,0.3,Brighton-and-Hove-Albion-
Adam Webster,eng ENG,DF,25,10,9,767,0,0,0,2,0,0.3,0.3,Brighton-and-Hove-Albion-
Carlos Baleba,cm CMR,MF,25,17,9,764,0,0,0,5,0,0.6,0.6,Brighton-and-Hove-Albion-
Jack Hinshelwood,eng ENG,DF,25,12,8,869,3,0,0,1,0,1.9,1.9,Brighton-and-Hove-Albion-
Tariq Lamptey,gh GHA,"DF,FW",25,13,7,593,0,3,0,3,0,0.4,0.4,Brighton-and-Hove-Albion-
Solly March,eng ENG,"FW,DF",25,7,7,554,3,1,0,1,0,2,2,Brighton-and-Hove-Albion-
Mahmoud Dahoud,de GER,MF,25,9,6,452,0,1,0,1,1,0.2,0.2,Brighton-and-Hove-Albion-
Ansu Fati,es ESP,"MF,FW",25,15,3,476,2,0,0,2,0,3.3,3.3,Brighton-and-Hove-Albion-
Julio Enciso,py PAR,"MF,FW",25,5,2,147,0,2,0,1,0,0.5,0.5,Brighton-and-Hove-Albion-
Jakub Moder,pl POL,"MF,DF",25,9,1,221,0,0,0,2,0,0.3,0.3,Brighton-and-Hove-Albion-
Benicio Boaitey,eng ENG,"DF,FW",25,4,0,16,0,0,0,0,0,0,0,Brighton-and-Hove-Albion-
Steven Alzate,co COL,MF,25,0,0,,,,,,,,,Brighton-and-Hove-Albion-
Luca Barrington,eng ENG,MF,25,0,0,,,,,,,,,Brighton-and-Hove-Albion-
Josh Duffus,eng ENG,MF,25,0,0,,,,,,,,,Brighton-and-Hove-Albion-
Ben Jackson,eng ENG,DF,25,0,0,,,,,,,,,Brighton-and-Hove-Albion-
Leigh Kavanagh,ie IRL,DF,25,0,0,,,,,,,,,Brighton-and-Hove-Albion-
Mark O'Mahony,ie IRL,FW,25,0,0,,,,,,,,,Brighton-and-Hove-Albion-
Cameron Peupion,au AUS,MF,25,0,0,,,,,,,,,Brighton-and-Hove-Albion-
Imari Samuels,eng ENG,DF,25,0,0,,,,,,,,,Brighton-and-Hove-Albion-
Squad Total,,,25,28,308,2520,46,35,5,70,3,45.5,41.8,Brighton-and-Hove-Albion-
Opponent Total,,,25,28,308,2520,42,29,5,79,4,38.7,34.7,Brighton-and-Hove-Albion-
Max Kilman,eng ENG,DF,25,28,28,2520,2,0,0,5,0,1.6,1.6,Wolverhampton-Wanderers-
Craig Dawson,eng ENG,DF,25,25,25,2209,1,1,0,7,0,1.5,1.5,Wolverhampton-Wanderers-
Mario Lemina,ga GAB,MF,25,25,25,2179,4,0,0,10,1,4.1,4.1,Wolverhampton-Wanderers-
Matheus Cunha,br BRA,"FW,MF",25,24,24,1961,9,6,1,5,0,8.2,7.4,Wolverhampton-Wanderers-
Toti Gomes,pt POR,DF,25,25,21,1874,0,3,0,3,0,1,1,Wolverhampton-Wanderers-
Rayan Aït Nouri,dz ALG,"DF,MF",25,24,21,1705,1,1,0,6,0,1.9,1.9,Wolverhampton-Wanderers-
Hwang Hee-chan,kr KOR,"FW,MF",25,22,19,1620,10,3,1,4,0,6.3,5.6,Wolverhampton-Wanderers-
Pedro Neto,pt POR,"FW,MF",25,19,18,1503,2,9,0,4,0,3.4,3.4,Wolverhampton-Wanderers-
Pablo Sarabia,es ESP,"MF,FW",25,21,15,1273,3,6,1,1,0,3.6,2.8,Wolverhampton-Wanderers-
Jean-Ricner Bellegarde,fr FRA,"MF,FW",25,19,9,806,2,1,0,0,1,1.4,1.4,Wolverhampton-Wanderers-
Tommy Doyle,eng ENG,MF,25,19,6,813,0,0,0,2,0,0.2,0.2,Wolverhampton-Wanderers-
Hugo Bueno,es ESP,"DF,MF",25,14,4,432,0,0,0,1,0,0.2,0.2,Wolverhampton-Wanderers-
Matt Doherty,ie IRL,"DF,MF",25,21,3,593,1,0,0,1,0,0.5,0.5,Wolverhampton-Wanderers-
Boubacar Traoré,ml MLI,"MF,FW",25,14,3,403,0,0,0,1,0,0.1,0.1,Wolverhampton-Wanderers-
Santiago Bueno,uy URU,DF,25,4,3,291,0,0,0,1,0,0,0,Wolverhampton-Wanderers-
Daniel Bentley,eng ENG,GK,25,4,2,293,0,0,0,0,0,0,0,Wolverhampton-Wanderers-
Matheus Nunes,pt POR,MF,25,2,2,179,0,0,0,2,1,0.1,0.1,Wolverhampton-Wanderers-
Nathan Fraser,ie IRL,FW,25,4,1,175,0,0,0,1,0,0.3,0.3,Wolverhampton-Wanderers-
Sasa Kalajdzic,at AUT,FW,25,11,1,166,2,0,0,0,0,1.1,1.1,Wolverhampton-Wanderers-
Tawanda Chirewa,eng ENG,"MF,FW",25,2,0,13,0,0,0,0,0,0.1,0.1,Wolverhampton-Wanderers-
Jonny Castro,es ESP,MF,25,1,0,5,0,0,0,0,0,0,0,Wolverhampton-Wanderers-
Ty Barnett,eng ENG,FW,25,0,0,,,,,,,,,Wolverhampton-Wanderers-
Leon Chiwome,eng ENG,FW,25,0,0,,,,,,,,,Wolverhampton-Wanderers-
Enso Gonzalez,py PAR,MF,25,0,0,,,,,,,,,Wolverhampton-Wanderers-
Harvey Griffiths,eng ENG,MF,25,0,0,,,,,,,,,Wolverhampton-Wanderers-
Owen Hesketh,wls WAL,MF,25,0,0,,,,,,,,,Wolverhampton-Wanderers-
Joseph Hodge,ie IRL,MF,25,0,0,,,,,,,,,Wolverhampton-Wanderers-
Justin Hubner,id IDN,DF,25,0,0,,,,,,,,,Wolverhampton-Wanderers-
Tom King,wls WAL,GK,25,0,0,,,,,,,,,Wolverhampton-Wanderers-
Noha Lemina,fr FRA,FW,25,0,0,,,,,,,,,Wolverhampton-Wanderers-
Yerson Mosquera,co COL,DF,25,0,0,,,,,,,,,Wolverhampton-Wanderers-
Wesley Okoduwa,,FW,25,0,0,,,,,,,,,Wolverhampton-Wanderers-
Matthew Whittingham,eng ENG,MF,25,0,0,,,,,,,,,Wolverhampton-Wanderers-
Squad Total,,,25,28,308,2520,39,32,3,70,3,37.6,35.2,Wolverhampton-Wanderers-
Opponent Total,,,25,28,308,2520,43,32,5,68,1,47.9,44,Wolverhampton-Wanderers-
Fabian Schär,ch SUI,DF,25,28,28,2443,3,1,0,4,0,2.4,2.4,Newcastle-United-
Bruno Guimarães,br BRA,MF,25,27,27,2364,3,5,0,9,0,2.6,2.6,Newcastle-United-
Anthony Gordon,eng ENG,FW,25,27,26,2187,9,5,1,8,0,7.8,7,Newcastle-United-
Kieran Trippier,eng ENG,DF,25,25,25,2163,1,10,0,5,0,0.7,0.7,Newcastle-United-
Miguel Almirón,py PAR,FW,25,28,23,1838,3,1,0,1,0,4.5,4.5,Newcastle-United-
Dan Burn,eng ENG,DF,25,23,22,1826,2,2,0,3,0,2.4,2.4,Newcastle-United-
Sean Longstaff,eng ENG,MF,25,25,20,1899,4,2,0,5,0,3.6,3.6,Newcastle-United-
Alexander Isak,se SWE,FW,25,20,17,1402,12,0,2,0,0,10.9,9.4,Newcastle-United-
Sven Botman,nl NED,DF,25,17,15,1377,2,2,0,2,0,0.6,0.6,Newcastle-United-
Nick Pope,eng ENG,GK,25,14,14,1255,0,0,0,0,0,0,0,Newcastle-United-
Lewis Miley,eng ENG,MF,25,17,14,1202,1,3,0,1,0,1.2,1.2,Newcastle-United-
Joelinton,br BRA,"MF,FW",25,16,14,1133,2,1,0,5,0,2.3,2.3,Newcastle-United-
Martin Dúbravka,sk SVK,GK,25,14,13,1175,0,0,0,1,0,0,0,Newcastle-United-
Jamaal Lascelles,eng ENG,DF,25,15,12,1064,1,0,0,4,0,0.7,0.7,Newcastle-United-
Valentino Livramento,eng ENG,DF,25,21,8,975,1,0,0,1,0,0.3,0.3,Newcastle-United-
Callum Wilson,eng ENG,FW,25,16,8,862,7,1,2,2,0,7.2,5.7,Newcastle-United-
Sandro Tonali,it ITA,MF,25,8,5,438,1,0,0,2,0,0.7,0.7,Newcastle-United-
Jacob Murphy,eng ENG,FW,25,11,4,476,2,3,0,1,0,0.9,0.9,Newcastle-United-
Elliot Anderson,sct SCO,"MF,FW",25,11,4,434,0,1,0,0,0,0.7,0.7,Newcastle-United-
Harvey Barnes,eng ENG,FW,25,11,3,360,2,1,0,1,0,1.2,1.2,Newcastle-United-
Joe Willock,eng ENG,MF,25,6,3,304,1,0,0,0,0,0.7,0.7,Newcastle-United-
Lewis Hall,eng ENG,DF,25,8,1,111,0,0,0,1,0,0,0,Newcastle-United-
Loris Karius,de GER,GK,25,1,1,90,0,0,0,0,0,0,0,Newcastle-United-
Matt Targett,eng ENG,DF,25,3,1,78,0,0,0,1,0,0,0,Newcastle-United-
Matt Ritchie,sct SCO,FW,25,8,0,109,1,0,0,1,0,0.8,0.8,Newcastle-United-
Emil Krafth,se SWE,DF,25,7,0,108,0,0,0,0,0,0.1,0.1,Newcastle-United-
Ben Parkinson,eng ENG,FW,25,1,0,25,0,0,0,0,0,0,0,Newcastle-United-
Joe White,eng ENG,MF,25,2,0,11,0,0,0,1,0,0,0,Newcastle-United-
Paul Dummett,wls WAL,DF,25,1,0,5,0,0,0,0,0,0,0,Newcastle-United-
Alex Murphy,ie IRL,"FW,DF",25,1,0,4,0,0,0,0,0,0,0,Newcastle-United-
Amadou Diallo,eng ENG,MF,25,1,0,1,0,0,0,0,0,0,0,Newcastle-United-
Michael Ndiweni,eng ENG,FW,25,1,0,1,0,0,0,0,0,0,0,Newcastle-United-
Mark Gillespie,eng ENG,GK,25,0,0,,,,,,,,,Newcastle-United-
Travis Hearnes,eng ENG,MF,25,0,0,,,,,,,,,Newcastle-United-
Javier Manquillo,es ESP,DF,25,0,0,,,,,,,,,Newcastle-United-
Squad Total,,,25,28,308,2520,58,38,5,59,0,51.1,47.2,Newcastle-United-
Opponent Total,,,25,28,308,2520,47,36,3,72,3,49.2,46,Newcastle-United-
Conor Gallagher,eng ENG,MF,25,26,26,2182,2,5,0,7,1,2.4,2.4,Chelsea-
Axel Disasi,fr FRA,DF,25,25,25,2226,2,0,0,6,0,1.4,1.4,Chelsea-
Thiago Silva,br BRA,DF,25,23,22,1983,2,0,0,3,0,0.4,0.4,Chelsea-
Moisés Caicedo,ec ECU,MF,25,24,22,1941,0,1,0,8,0,0.2,0.2,Chelsea-
Enzo Fernández,ar ARG,MF,25,24,22,1873,3,1,1,6,0,5.7,4.1,Chelsea-
Raheem Sterling,eng ENG,"FW,MF",25,25,21,1813,6,3,0,6,0,5.5,5.5,Chelsea-
Nicolas Jackson,sn SEN,FW,25,24,20,1815,9,3,0,9,0,12.6,12.6,Chelsea-
Levi Colwill,eng ENG,DF,25,23,20,1797,1,1,0,2,0,1.3,1.3,Chelsea-
Cole Palmer,eng ENG,"FW,MF",25,23,19,1740,11,8,5,7,0,8.9,4.9,Chelsea-
Robert Sánchez,es ESP,GK,25,16,16,1433,0,0,0,2,0,0,0,Chelsea-
Malo Gusto,fr FRA,DF,25,20,15,1368,0,5,0,5,1,0.4,0.4,Chelsea-
Đorđe Petrović,rs SRB,GK,25,12,11,997,0,0,0,2,0,0,0,Chelsea-
Mykhailo Mudryk,ua UKR,"FW,MF",25,21,9,911,4,2,0,3,0,2.8,2.8,Chelsea-
Marc Cucurella,es ESP,DF,25,10,9,793,0,0,0,5,0,0.8,0.8,Chelsea-
Ben Chilwell,eng ENG,DF,25,12,9,745,0,1,0,5,0,1.2,1.2,Chelsea-
Benoît Badiashile,fr FRA,DF,25,8,6,560,0,1,0,1,0,0.1,0.1,Chelsea-
Armando Broja,al ALB,FW,25,13,6,454,1,0,0,0,0,2.4,2.4,Chelsea-
Reece James,eng ENG,DF,25,8,5,388,0,1,0,2,1,0.3,0.3,Chelsea-
Noni Madueke,eng ENG,FW,25,12,4,349,2,0,1,1,0,1.2,0.4,Chelsea-
Lesley Ugochukwu,fr FRA,MF,25,10,3,273,0,0,0,2,0,0,0,Chelsea-
Christopher Nkunku,fr FRA,"FW,MF",25,7,2,319,2,0,0,0,0,1.7,1.7,Chelsea-
Trevoh Chalobah,eng ENG,DF,25,3,2,200,0,0,0,0,0,0,0,Chelsea-
Carney Chukwuemeka,eng ENG,"MF,FW",25,6,2,171,1,1,0,2,0,0.1,0.1,Chelsea-
Ian Maatsen,nl NED,"FW,MF",25,12,1,209,0,0,0,1,0,0.8,0.8,Chelsea-
Roméo Lavia,be BEL,MF,25,1,0,33,0,0,0,0,0,0,0,Chelsea-
Cesare Casadei,it ITA,"MF,FW",25,3,0,20,0,0,0,0,0,0,0,Chelsea-
Alfie Gilchrist,eng ENG,"DF,FW",25,5,0,20,0,0,0,0,0,0,0,Chelsea-
Deivid Washington,br BRA,DF,25,1,0,10,0,0,0,0,0,0.5,0.5,Chelsea-
Mason Burstow,eng ENG,FW,25,2,0,9,0,0,0,0,0,0,0,Chelsea-
Alex Matos,eng ENG,MF,25,1,0,1,0,0,0,0,0,0,0,Chelsea-
Marcus Bettinelli,eng ENG,GK,25,0,0,,0,0,0,1,0,,,Chelsea-
Joshua Acheampong,eng ENG,DF,25,0,0,,,,,,,,,Chelsea-
Eddie Beach,wls WAL,GK,25,0,0,,,,,,,,,Chelsea-
Lucas Bergström,fi FIN,GK,25,0,0,,,,,,,,,Chelsea-
Joshua Brooking,eng ENG,DF,25,0,0,,,,,,,,,Chelsea-
Leo Castledine,eng ENG,MF,25,0,0,,,,,,,,,Chelsea-
Ollie Harrison,eng ENG,MF,25,0,0,,,,,,,,,Chelsea-
Bashir Humphreys,eng ENG,DF,25,0,0,,,,,,,,,Chelsea-
Diego Moreira,pt POR,MF,25,0,0,,,,,,,,,Chelsea-
Ishé Samuels-Smith,eng ENG,DF,25,0,0,,,,,,,,,Chelsea-
Andrey Santos,br BRA,MF,25,0,0,,,,,,,,,Chelsea-
Ronnie Stutter,eng ENG,FW,25,0,0,,,,,,,,,Chelsea-
Jimi Tauriainen,eng ENG,FW,25,0,0,,,,,,,,,Chelsea-
Squad Total,,,25,27,297,2430,46,33,7,86,3,50.1,43.8,Chelsea-
Opponent Total,,,25,27,297,2430,44,29,3,71,3,40.2,36.3,Chelsea-
Bernd Leno,de GER,GK,25,29,29,2610,0,0,0,3,0,0,0,Fulham-
Antonee Robinson,us USA,DF,25,28,28,2468,0,6,0,4,0,0.5,0.5,Fulham-
Andreas Pereira,br BRA,MF,25,29,26,2001,1,5,0,5,0,2.3,2.3,Fulham-
Timothy Castagne,be BEL,DF,25,26,22,2009,0,2,0,2,0,1.4,1.4,Fulham-
João Palhinha,pt POR,MF,25,24,22,1960,3,1,0,12,0,2.2,2.2,Fulham-
Willian,br BRA,FW,25,24,19,1621,4,2,2,1,0,4.7,3.1,Fulham-
Raúl Jiménez,mx MEX,FW,25,20,17,1267,5,0,0,3,1,4.5,4.5,Fulham-
Calvin Bassey,ng NGA,DF,25,20,16,1493,1,0,0,4,1,0.3,0.3,Fulham-
Alex Iwobi,ng NGA,"FW,MF",25,21,16,1481,5,1,0,2,0,4.6,4.6,Fulham-
Tim Ream,us USA,DF,25,17,16,1413,1,0,0,4,1,1,1,Fulham-
Harry Wilson,wls WAL,FW,25,27,14,1411,3,4,0,6,0,2.9,2.9,Fulham-
Bobby Reid,jm JAM,FW,25,25,14,1170,5,2,0,3,0,3.8,3.8,Fulham-
Tom Cairney,sct SCO,MF,25,26,13,1246,1,3,0,2,0,0.8,0.8,Fulham-
Tosin Adarabioyo,eng ENG,DF,25,15,13,1173,1,0,0,1,0,0.6,0.6,Fulham-
Issa Diop,fr FRA,DF,25,15,13,1155,0,0,0,2,0,0.2,0.2,Fulham-
Harrison Reed,eng ENG,MF,25,23,13,1147,0,1,0,5,0,0.2,0.2,Fulham-
Rodrigo Muniz,br BRA,FW,25,17,10,936,7,1,0,1,0,5.2,5.2,Fulham-
Saša Lukić,rs SRB,MF,25,17,8,724,1,0,0,2,0,1.3,1.3,Fulham-
Kenny Tete,nl NED,DF,25,11,8,681,1,0,0,2,0,0.8,0.8,Fulham-
Carlos Vinícius,br BRA,FW,25,13,2,315,2,0,0,2,0,1.6,1.6,Fulham-
Adama Traoré,es ESP,"FW,MF",25,9,0,108,1,1,0,1,0,1.2,1.2,Fulham-
Luke Harris,wls WAL,MF,25,1,0,75,0,0,0,0,0,0.3,0.3,Fulham-
Fodé Ballo-Touré,sn SEN,"DF,MF",25,5,0,58,0,0,0,1,0,0,0,Fulham-
Armando Broja,al ALB,FW,25,4,0,51,0,1,0,0,0,0,0,Fulham-
Aleksandar Mitrović,rs SRB,FW,25,1,0,33,0,0,0,0,0,0.2,0.2,Fulham-
Marek Rodák,sk SVK,GK,25,0,0,,0,0,0,1,0,,,Fulham-
Luc De Fougerolles,ca CAN,DF,25,0,0,,,,,,,,,Fulham-
Matt Dibley-Dias,nz NZL,MF,25,0,0,,,,,,,,,Fulham-
Tyrese Francois,au AUS,MF,25,0,0,,,,,,,,,Fulham-
Joshua King,eng ENG,MF,25,0,0,,,,,,,,,Fulham-
Kevin Mbabu,ch SUI,DF,25,0,0,,,,,,,,,Fulham-
Kristian Sekularac,ch SUI,MF,25,0,0,,,,,,,,,Fulham-
Jay Stansfield,eng ENG,"FW,MF",25,0,0,,,,,,,,,Fulham-
Devan Tanton,co COL,DF,25,0,0,,,,,,,,,Fulham-
Squad Total,,,25,29,319,2610,42,30,2,69,3,39.2,37.6,Fulham-
Opponent Total,,,25,29,319,2610,40,24,6,49,0,49.8,45.3,Fulham-
Illia Zabarnyi,ua UKR,DF,25,28,28,2520,1,0,0,4,0,1.1,1.1,Bournemouth-
Dominic Solanke,eng ENG,FW,25,28,28,2494,15,3,1,2,0,16.1,14.5,Bournemouth-
Ryan Christie,sct SCO,MF,25,28,27,2189,0,4,0,4,0,1.5,1.5,Bournemouth-
Neto,br BRA,GK,25,26,26,2340,0,0,0,4,0,0,0,Bournemouth-
Lewis Cook,eng ENG,MF,25,23,22,1890,0,3,0,4,1,0.2,0.2,Bournemouth-
Marcus Tavernier,eng ENG,FW,25,25,21,1815,2,4,0,2,0,3.6,3.6,Bournemouth-
Marcos Senesi,ar ARG,DF,25,23,19,1658,3,2,0,8,0,1,1,Bournemouth-
Antoine Semenyo,gh GHA,FW,25,24,18,1424,7,1,0,4,0,3.5,3.5,Bournemouth-
Justin Kluivert,nl NED,"MF,FW",25,22,17,1224,4,0,0,4,0,3.6,3.6,Bournemouth-
Milos Kerkez,hu HUN,DF,25,21,16,1447,0,1,0,3,0,0.4,0.4,Bournemouth-
Adam Smith,eng ENG,DF,25,19,16,1420,0,2,0,4,0,0,0,Bournemouth-
Philip Billing,dk DEN,MF,25,23,12,1239,2,2,0,3,1,2.1,2.1,Bournemouth-
Max Aarons,eng ENG,DF,25,14,12,1085,0,1,0,1,0,0,0,Bournemouth-
Lloyd Kelly,eng ENG,DF,25,14,12,1012,0,0,0,1,0,0.1,0.1,Bournemouth-
Alex Scott,eng ENG,MF,25,15,7,692,1,1,0,2,0,0.5,0.5,Bournemouth-
Dango Ouattara,bf BFA,"DF,FW",25,20,6,673,1,1,0,2,0,1.9,1.9,Bournemouth-
Luis Sinisterra,co COL,"FW,MF",25,19,6,661,2,2,0,0,0,2.5,2.5,Bournemouth-
Chris Mepham,wls WAL,DF,25,9,5,527,0,1,0,2,0,0.1,0.1,Bournemouth-
Joe Rothwell,eng ENG,MF,25,11,3,386,0,0,0,0,0,0.1,0.1,Bournemouth-
David Brooks,wls WAL,"FW,MF",25,13,2,282,1,1,0,1,0,2.2,2.2,Bournemouth-
Ionuț Radu,ro ROU,GK,25,2,2,180,0,0,0,0,0,0,0,Bournemouth-
Jaidon Anthony,eng ENG,FW,25,3,2,152,0,0,0,1,0,0.1,0.1,Bournemouth-
James Hill,eng ENG,DF,25,3,1,71,0,0,0,0,0,0,0,Bournemouth-
Kieffer Moore,wls WAL,"FW,MF",25,8,0,108,1,0,0,0,0,1.5,1.5,Bournemouth-
Enes Ünal,tr TUR,"MF,FW",25,6,0,102,1,1,0,0,0,1.1,1.1,Bournemouth-
Hamed Junior Traorè,ci CIV,MF,25,3,0,47,0,0,0,0,0,0.2,0.2,Bournemouth-
Tyler Adams,us USA,MF,25,1,0,20,0,0,0,0,0,0,0,Bournemouth-
Romain Faivre,fr FRA,"MF,DF",25,3,0,18,0,0,0,1,0,0.1,0.1,Bournemouth-
Ben Greenwood,ie IRL,DF,25,0,0,,,,,,,,,Bournemouth-
Gavin Kilkenny,ie IRL,MF,25,0,0,,,,,,,,,Bournemouth-
Emiliano Marcondes,dk DEN,"FW,MF",25,0,0,,,,,,,,,Bournemouth-
Darren Randolph,ie IRL,GK,25,0,0,,,,,,,,,Bournemouth-
Dominic Sadi,eng ENG,MF,25,0,0,,,,,,,,,Bournemouth-
Mark Travers,ie IRL,GK,25,0,0,,,,,,,,,Bournemouth-
Maxwell Wellings,eng ENG,DF,25,0,0,,,,,,,,,Bournemouth-
Squad Total,,,25,28,308,2520,41,30,1,57,2,42.6,41,Bournemouth-
Opponent Total,,,25,28,308,2520,51,34,4,65,2,44.8,40.7,Bournemouth-
Joachim Andersen,dk DEN,DF,25,,28,2519,2,2,0,4,0,1.3,1.3,Crystal-Palace-
Tyrick Mitchell,eng ENG,DF,25,,27,2347,1,2,0,5,0,0.7,0.7,Crystal-Palace-
Jordan Ayew,gh GHA,"FW,MF",25,,25,2134,4,6,0,8,1,3.6,3.6,Crystal-Palace-
Jefferson Lerma,co COL,MF,25,,23,2025,1,1,0,7,0,2.6,2.6,Crystal-Palace-
Marc Guéhi,eng ENG,DF,25,,22,1912,0,1,0,2,0,0.6,0.6,Crystal-Palace-
Sam Johnstone,eng ENG,GK,25,,20,1796,0,0,0,1,0,0,0,Crystal-Palace-
Joel Ward,eng ENG,DF,25,,20,1692,0,1,0,4,0,0.9,0.9,Crystal-Palace-
Odsonne Édouard,fr FRA,"FW,MF",25,,17,1427,6,0,0,3,0,5.7,5.7,Crystal-Palace-
Jeffrey Schlupp,gh GHA,"FW,MF",25,,17,1223,1,1,0,0,0,1.7,1.7,Crystal-Palace-
Chris Richards,us USA,"DF,MF",25,,16,1464,1,0,0,2,0,0.3,0.3,Crystal-Palace-
Jean-Philippe Mateta,fr FRA,FW,25,,15,1505,5,4,2,2,0,5,3.4,Crystal-Palace-
Eberechi Eze,eng ENG,"MF,FW",25,,15,1316,6,1,1,3,0,5.5,4.7,Crystal-Palace-
Will Hughes,eng ENG,MF,25,,15,1313,0,0,0,3,0,0.2,0.2,Crystal-Palace-
Cheick Doucouré,ml MLI,MF,25,,11,919,0,0,0,2,0,0.3,0.3,Crystal-Palace-
Michael Olise,fr FRA,"FW,MF",25,,8,755,6,3,1,0,0,3.2,2.4,Crystal-Palace-
Dean Henderson,eng ENG,GK,25,,8,720,0,0,0,1,0,0,0,Crystal-Palace-
Nathaniel Clyne,eng ENG,DF,25,,7,718,0,0,0,0,0,0,0,Crystal-Palace-
Daniel Muñoz,co COL,"DF,MF",25,,6,540,0,1,0,3,0,0.6,0.6,Crystal-Palace-
Adam Wharton,eng ENG,MF,25,,5,455,0,0,0,1,0,0.1,0.1,Crystal-Palace-
Jaïro Riedewald,nl NED,"MF,FW",25,,2,176,0,0,0,0,0,0,0,Crystal-Palace-
Matheus França,br BRA,"MF,FW",25,,1,232,0,1,0,1,0,0.4,0.4,Crystal-Palace-
Naouirou Ahamada,fr FRA,"MF,FW",25,,0,235,0,0,0,1,0,0.4,0.4,Crystal-Palace-
Jesuran Rak Sakyi,eng ENG,"MF,FW",25,,0,136,0,0,0,0,0,0.4,0.4,Crystal-Palace-
David Ozoh,eng ENG,MF,25,,0,135,0,0,0,1,0,0,0,Crystal-Palace-
James Tomkins,eng ENG,DF,25,,0,6,0,0,0,0,0,0,0,Crystal-Palace-
Remi Matthews,eng ENG,GK,25,,0,4,0,0,0,0,0,0,0,Crystal-Palace-
Tayo Adaramola,ie IRL,DF,25,,0,,,,,,,,,Crystal-Palace-
Malcolm Ebiowei,eng ENG,MF,25,,0,,,,,,,,,Crystal-Palace-
John-Kymani Gordon,eng ENG,FW,25,,0,,,,,,,,,Crystal-Palace-
Rob Holding,eng ENG,DF,25,,0,,,,,,,,,Crystal-Palace-
Ademola Ola-Adebomi,eng ENG,FW,25,,0,,,,,,,,,Crystal-Palace-
Luke Plange,eng ENG,FW,25,,0,,,,,,,,,Crystal-Palace-
Jadan Raymond,wls WAL,MF,25,,0,,,,,,,,,Crystal-Palace-
Kaden Rodney,eng ENG,MF,25,,0,,,,,,,,,Crystal-Palace-
Franco Umeh-Chibueze,ie IRL,MF,25,,0,,,,,,,,,Crystal-Palace-
Joseph Whitworth,eng ENG,GK,25,,0,,,,,,,,,Crystal-Palace-
Squad Total,,,25,,308,2520,33,24,4,54,1,33.1,29.9,Crystal-Palace-
Opponent Total,,,25,,308,2520,47,40,3,59,2,39.9,37.6,Crystal-Palace-
Mark Flekken,nl NED,GK,25,28,28,2475,0,1,0,3,0,0,0,Brentford-
Vitaly Janelt,de GER,"MF,DF",25,29,28,2317,0,2,0,6,0,1.3,1.3,Brentford-
Christian Nørgaard,dk DEN,MF,25,26,26,2175,2,1,0,8,0,3.4,3.4,Brentford-
Ethan Pinnock,jm JAM,DF,25,23,23,2070,1,0,0,0,0,1.7,1.7,Brentford-
Yoane Wissa,cd COD,FW,25,25,22,1898,7,1,0,4,0,8,8,Brentford-
Nathan Collins,ie IRL,DF,25,24,21,1932,1,1,0,3,0,1.7,1.7,Brentford-
Mathias Jensen,dk DEN,MF,25,24,20,1593,3,3,0,3,0,0.6,0.6,Brentford-
Mads Roerslev,dk DEN,DF,25,25,17,1471,1,2,0,0,0,0.9,0.9,Brentford-
Bryan Mbeumo,cm CMR,FW,25,16,15,1298,7,3,3,1,0,8.5,6.2,Brentford-
Ben Mee,eng ENG,DF,25,16,15,1272,2,0,0,1,1,1.5,1.5,Brentford-
Kristoffer Ajer,no NOR,DF,25,21,14,1298,1,1,0,5,0,0.7,0.7,Brentford-
Neal Maupay,fr FRA,FW,25,24,12,1208,6,3,0,5,0,5.3,5.3,Brentford-
Frank Onyeka,ng NGA,MF,25,22,11,1141,0,2,0,8,0,1.9,1.9,Brentford-
Keane Lewis-Potter,eng ENG,"FW,DF",25,22,10,1036,2,1,0,0,0,3.3,3.3,Brentford-
Ivan Toney,eng ENG,FW,25,10,10,900,4,0,0,3,0,3.6,3.6,Brentford-
Aaron Hickey,sct SCO,DF,25,9,9,713,0,0,0,5,0,0.2,0.2,Brentford-
Saman Ghoddos,ir IRN,DF,25,17,7,707,1,0,0,5,0,0.3,0.3,Brentford-
Mathias Jørgensen,dk DEN,DF,25,9,7,637,0,0,0,3,0,0.2,0.2,Brentford-
Sergio Reguilón,es ESP,DF,25,8,7,515,0,1,0,2,1,0.5,0.5,Brentford-
Rico Henry,eng ENG,DF,25,5,5,401,0,1,0,1,0,0.1,0.1,Brentford-
Yehor Yarmoliuk,ua UKR,MF,25,18,4,471,0,0,0,2,0,,,Brentford-
Kevin Schade,de GER,"FW,MF",25,5,3,257,1,0,0,0,0,0.7,0.7,Brentford-
Mikkel Damsgaard,dk DEN,MF,25,14,2,362,0,1,0,0,0,0.6,0.6,Brentford-
Shandon Baptiste,gd GRN,MF,25,10,2,229,1,1,0,1,0,0.9,0.9,Brentford-
Thomas Strakosha,al ALB,GK,25,2,1,135,0,0,0,0,0,0,0,Brentford-
Michael Olakigbe,eng ENG,"DF,FW",25,8,0,59,0,0,0,0,0,0.1,0.1,Brentford-
Josh Dasilva,eng ENG,"DF,FW",25,3,0,24,0,0,0,0,0,0,0,Brentford-
Myles Peart-Harris,eng ENG,"DF,MF",25,3,0,13,0,0,0,0,0,0,0,Brentford-
Val Adedokun,ie IRL,FW,25,0,0,,,,,,,,,Brentford-
Vincent Angelini,sct SCO,GK,25,0,0,,,,,,,,,Brentford-
Benjamin Arthur,,DF,25,0,0,,,,,,,,,Brentford-
Ellery Balcombe,eng ENG,GK,25,0,0,,,,,,,,,Brentford-
Ethan Brierley,eng ENG,MF,25,0,0,,,,,,,,,Brentford-
Benjamin Fredrick,ng NGA,DF,25,0,0,,,,,,,,,Brentford-
Charlie Goode,eng ENG,DF,25,0,0,,,,,,,,,Brentford-
Kim Jisoo,kr KOR,DF,25,0,0,,,,,,,,,Brentford-
Squad Total,,,25,29,319,2610,40,25,3,69,2,45,42.9,Brentford-
Opponent Total,,,25,29,319,2610,54,43,2,60,4,45.2,43.6,Brentford-
Jordan Pickford,eng ENG,GK,25,28,28,2520,0,0,0,4,0,0,0,Everton-
James Tarkowski,eng ENG,DF,25,28,28,2519,1,1,0,5,0,2.2,2.2,Everton-
James Garner,eng ENG,MF,25,27,26,2311,1,2,0,5,0,2.2,2.2,Everton-
Jarrad Branthwaite,eng ENG,DF,25,25,25,2250,2,0,0,7,0,1.4,1.4,Everton-
Vitaliy Mykolenko,ua UKR,DF,25,23,23,2064,2,0,0,1,0,1.5,1.5,Everton-
Dwight McNeil,eng ENG,"MF,FW",25,25,23,2014,2,5,0,1,0,2.8,2.8,Everton-
Abdoulaye Doucouré,ml MLI,"FW,MF",25,22,22,1838,6,0,0,5,0,6.3,6.3,Everton-
Jack Harrison,eng ENG,"MF,FW",25,22,20,1730,3,3,0,0,0,3.2,3.2,Everton-
Dominic Calvert-Lewin,eng ENG,FW,25,24,19,1583,3,1,0,1,0,9.3,9.3,Everton-
Ashley Young,eng ENG,"DF,MF",25,21,19,1528,0,0,0,6,1,0.4,0.4,Everton-
Amadou Onana,be BEL,MF,25,22,18,1663,2,0,0,4,0,1.8,1.8,Everton-
Idrissa Gana Gueye,sn SEN,MF,25,18,17,1303,1,0,0,7,0,1.1,1.1,Everton-
Nathan Patterson,sct SCO,DF,25,19,9,961,0,2,0,4,0,0.3,0.3,Everton-
Ben Godfrey,eng ENG,DF,25,9,8,670,0,0,0,2,0,1.4,1.4,Everton-
Beto,gw GNB,FW,25,23,7,746,2,0,0,2,0,4.7,3.9,Everton-
Arnaut Danjuma,nl NED,"MF,FW",25,14,5,595,1,0,0,0,0,2.6,2.6,Everton-
Michael Keane,eng ENG,DF,25,7,4,404,1,0,0,1,0,0.7,0.7,Everton-
Séamus Coleman,ie IRL,DF,25,5,2,235,0,0,0,0,0,0,0,Everton-
Alex Iwobi,ng NGA,MF,25,2,2,140,0,0,0,0,0,0.3,0.3,Everton-
Lewis Dobbin,eng ENG,MF,25,11,1,210,1,0,0,1,0,0.3,0.3,Everton-
André Gomes,pt POR,"MF,FW",25,5,1,200,1,0,0,2,0,0.2,0.2,Everton-
Neal Maupay,fr FRA,FW,25,2,1,111,0,0,0,0,0,1.4,1.4,Everton-
Youssef Chermiti,pt POR,FW,25,11,0,69,0,0,0,1,0,0.5,0.5,Everton-
Thomas Cannon,ie IRL,FW,25,1,0,1,0,0,0,0,0,0,0,Everton-
Tyler Onyango,eng ENG,MF,25,1,0,1,0,0,0,0,0,0,0,Everton-
Elijah Campbell,eng ENG,DF,25,0,0,,,,,,,,,Everton-
Mackenzie Hunt,eng ENG,DF,25,0,0,,,,,,,,,Everton-
Andy Lonergan,ie IRL,GK,25,0,0,,,,,,,,,Everton-
Jenson Metcalfe,eng ENG,MF,25,0,0,,,,,,,,,Everton-
João Virgínia,pt POR,GK,25,0,0,,,,,,,,,Everton-
Squad Total,,,25,28,308,2520,29,14,0,59,1,42.3,41.6,Everton-
Opponent Total,,,25,28,308,2520,37,23,7,44,1,39.8,34.5,Everton-
Morgan Gibbs-White,eng ENG,"MF,FW",25,28,26,2383,3,5,1,7,0,5.2,4.4,Nottingham-Forest-
Murillo,br BRA,DF,25,23,23,1996,0,1,0,3,0,1.1,1.1,Nottingham-Forest-
Anthony Elanga,se SWE,"FW,MF",25,28,20,1933,5,7,0,1,0,6.3,6.3,Nottingham-Forest-
Orel Mangala,be BEL,MF,25,20,19,1563,1,0,0,6,0,0.8,0.8,Nottingham-Forest-
Nicolás Domínguez,ar ARG,"MF,FW",25,20,18,1354,2,2,0,3,0,1.2,1.2,Nottingham-Forest-
Matt Turner,us USA,GK,25,17,17,1530,0,0,0,1,0,0,0,Nottingham-Forest-
Ryan Yates,eng ENG,MF,25,26,14,1421,0,0,0,4,0,1.7,1.7,Nottingham-Forest-
Harry Toffolo,eng ENG,DF,25,18,14,1327,1,3,0,3,0,1.6,1.6,Nottingham-Forest-
Willy Boly,ci CIV,DF,25,16,14,1085,1,0,0,3,1,1.3,1.3,Nottingham-Forest-
Moussa Niakhate,sn SEN,DF,25,16,12,1160,1,0,0,4,1,1.1,1.1,Nottingham-Forest-
Neco Williams,wls WAL,DF,25,20,12,1157,0,1,0,3,0,0.3,0.3,Nottingham-Forest-
Danilo,br BRA,"MF,FW",25,21,12,1123,1,0,0,3,0,0.6,0.6,Nottingham-Forest-
Taiwo Awoniyi,ng NGA,FW,25,17,12,1024,6,3,0,2,0,4.7,4.7,Nottingham-Forest-
Ola Aina,ng NGA,DF,25,14,12,989,1,1,0,3,0,0.2,0.2,Nottingham-Forest-
Ibrahim Sangaré,ci CIV,MF,25,13,12,940,0,0,0,6,0,0.6,0.6,Nottingham-Forest-
Callum Hudson-Odoi,eng ENG,"FW,MF",25,20,11,1085,4,1,0,0,0,1.2,1.2,Nottingham-Forest-
Chris Wood,nz NZL,FW,25,22,11,1038,9,1,0,0,0,6,6,Nottingham-Forest-
Serge Aurier,ci CIV,"DF,MF",25,12,10,833,0,2,0,2,0,0.2,0.2,Nottingham-Forest-
Matz Sels,be BEL,GK,25,7,7,630,0,0,0,1,0,0,0,Nottingham-Forest-
Gonzalo Montiel,ar ARG,DF,25,9,5,498,0,2,0,4,0,0.1,0.1,Nottingham-Forest-
Andrew Omobamidele,ie IRL,DF,25,7,5,496,0,0,0,2,0,0,0,Nottingham-Forest-
Divock Origi,be BEL,FW,25,15,5,472,0,1,0,1,0,1.1,1.1,Nottingham-Forest-
Nuno Tavares,pt POR,DF,25,7,5,455,0,0,0,2,0,0.2,0.2,Nottingham-Forest-
Odisseas Vlachodimos,gr GRE,GK,25,5,5,450,0,0,0,0,0,0,0,Nottingham-Forest-
Joe Worrall,eng ENG,DF,25,7,5,439,0,0,0,0,1,0.1,0.1,Nottingham-Forest-
Scott McKenna,sct SCO,DF,25,5,5,416,0,0,0,0,0,0.2,0.2,Nottingham-Forest-
Felipe,br BRA,DF,25,6,3,285,0,0,0,3,0,0.1,0.1,Nottingham-Forest-
Brennan Johnson,wls WAL,"FW,MF",25,3,3,237,0,0,0,0,0,0.3,0.3,Nottingham-Forest-
Cheikhou Kouyaté,sn SEN,MF,25,11,2,209,0,0,0,2,0,0.3,0.3,Nottingham-Forest-
Gio Reyna,us USA,"MF,FW",25,3,0,41,0,0,0,0,0,0.1,0.1,Nottingham-Forest-
Andrey Santos,br BRA,MF,25,1,0,8,0,0,0,0,0,0.1,0.1,Nottingham-Forest-
Brandon Aguilera,cr CRC,FW,25,1,0,5,0,0,0,0,0,0,0,Nottingham-Forest-
Rodrigo Ribeiro,pt POR,FW,25,1,0,1,0,0,0,0,0,0,0,Nottingham-Forest-
Remo Freuler,ch SUI,MF,25,0,0,,,,,,,,,Nottingham-Forest-
Joe Gardner,eng ENG,DF,25,0,0,,,,,,,,,Nottingham-Forest-
Wayne Hennessey,wls WAL,GK,25,0,0,,,,,,,,,Nottingham-Forest-
Ethan Horvath,us USA,GK,25,0,0,,,,,,,,,Nottingham-Forest-
Jamie McDonnell,nir NIR,MF,25,0,0,,,,,,,,,Nottingham-Forest-
Lewis O'Brien,eng ENG,MF,25,0,0,,,,,,,,,Nottingham-Forest-
Detlef Osong,eng ENG,FW,25,0,0,,,,,,,,,Nottingham-Forest-
Hwang Ui-jo,kr KOR,"FW,MF",25,0,0,,,,,,,,,Nottingham-Forest-
Squad Total,,,25,29,319,2610,35,30,1,69,3,36.5,35.7,Nottingham-Forest-
Opponent Total,,,25,29,319,2610,50,36,3,65,6,41.9,39.5,Nottingham-Forest-
Thomas Kaminski,be BEL,GK,25,,29,2610,0,0,0,3,0,0,0,Luton-Town-
Alfie Doughty,eng ENG,DF,25,,25,2130,1,7,0,3,0,0.9,0.9,Luton-Town-
Carlton Morris,eng ENG,"FW,MF",25,,23,2052,8,4,4,2,0,8.5,5.4,Luton-Town-
Ross Barkley,eng ENG,MF,25,,22,1963,4,3,0,4,0,3.4,3.4,Luton-Town-
Amari'i Bell,jm JAM,DF,25,,21,1720,0,0,0,0,0,0.3,0.3,Luton-Town-
Teden Mengi,eng ENG,DF,25,,20,1823,1,0,0,2,0,0.4,0.4,Luton-Town-
Chiedozie Ogbene,ie IRL,"MF,DF",25,,19,1902,4,1,0,1,0,4.1,4.1,Luton-Town-
Issa Kaboré,bf BFA,DF,25,,17,1425,0,2,0,7,0,0.2,0.2,Luton-Town-
Gabriel Osho,ng NGA,DF,25,,16,1396,2,0,0,3,0,1,1,Luton-Town-
Tom Lockyer,wls WAL,DF,25,,14,1169,1,1,0,4,0,1.1,1.1,Luton-Town-
Elijah Adebayo,eng ENG,FW,25,,13,1162,9,0,0,1,0,5.6,5.6,Luton-Town-
Marvelous Nakamba,zw ZIM,MF,25,,13,1130,0,0,0,5,0,0.2,0.2,Luton-Town-
Reece Burke,eng ENG,DF,25,,13,1124,0,3,0,3,0,1.3,1.3,Luton-Town-
Tahith Chong,nl NED,MF,25,,12,1276,3,0,0,3,0,2.2,2.2,Luton-Town-
Jacob Brown,sct SCO,"MF,FW",25,,12,1019,2,0,0,4,0,2.8,2.8,Luton-Town-
Albert Sambi Lokonga,be BEL,MF,25,,11,873,0,2,0,2,0,0.4,0.4,Luton-Town-
Andros Townsend,eng ENG,"MF,FW",25,,10,875,1,3,0,1,0,1.2,1.2,Luton-Town-
Pelly Ruddock Mpanzu,cd COD,MF,25,,9,914,0,0,0,0,0,0.6,0.6,Luton-Town-
Jordan Clark,eng ENG,MF,25,,8,743,0,1,0,3,0,0.4,0.4,Luton-Town-
Ryan John Giles,eng ENG,"DF,MF",25,,5,503,0,0,0,0,0,0.1,0.1,Luton-Town-
Mads Juel Andersen,dk DEN,DF,25,,4,400,1,0,0,1,0,0.3,0.3,Luton-Town-
Cauley Woodrow,eng ENG,"FW,MF",25,,2,295,1,0,0,2,0,1.1,1.1,Luton-Town-
Daiki Hashioka,jp JPN,DF,25,,1,134,0,0,0,0,0,0.1,0.1,Luton-Town-
Luke Berry,eng ENG,"MF,DF",25,,0,68,1,0,0,1,0,0.5,0.5,Luton-Town-
Zack Nelson,eng ENG,MF,25,,0,4,0,0,0,0,0,0,0,Luton-Town-
Allan Campbell,sct SCO,MF,25,,0,,,,,,,,,Luton-Town-
Aidan Francis,eng ENG,MF,25,,0,,,,,,,,,Luton-Town-
Joseph Johnson,eng ENG,DF,25,,0,,,,,,,,,Luton-Town-
Tim Krul,nl NED,GK,25,,0,,,,,,,,,Luton-Town-
Jayden Luker,eng ENG,MF,25,,0,,,,,,,,,Luton-Town-
Dominic Martins,pt POR,MF,25,,0,,,,,,,,,Luton-Town-
John Mcatee,eng ENG,"FW,MF",25,,0,,,,,,,,,Luton-Town-
Axel Piesold,eng ENG,MF,25,,0,,,,,,,,,Luton-Town-
Dan Potts,eng ENG,DF,25,,0,,,,,,,,,Luton-Town-
James Shea,eng ENG,GK,25,,0,,,,,,,,,Luton-Town-
Squad Total,,,25,,319,2610,39,27,4,55,0,35.3,32.2,Luton-Town-
Opponent Total,,,25,,319,2610,59,40,2,56,2,59.8,58.3,Luton-Town-
James Trafford,eng ENG,GK,25,,28,2520,0,0,0,2,0,0,0,Burnley-
Sander Berge,no NOR,MF,25,,25,2195,1,1,0,8,1,1.7,1.7,Burnley-
Zeki Amdouni,ch SUI,FW,25,,25,1779,4,1,0,2,0,4.3,4.3,Burnley-
Dara O'Shea,ie IRL,DF,25,,24,2196,1,3,0,5,0,0.5,0.5,Burnley-
Josh Brownhill,eng ENG,MF,25,,22,2029,3,1,0,3,1,1.6,1.6,Burnley-
Charlie Taylor,eng ENG,DF,25,,20,1813,1,1,0,7,0,0.2,0.2,Burnley-
Vitinho,br BRA,"DF,MF",25,,19,1694,0,0,0,1,0,1,1,Burnley-
Wilson Odobert,fr FRA,"MF,FW",25,,16,1322,3,2,0,2,0,1.9,1.9,Burnley-
Jordan Beyer,de GER,DF,25,,15,1234,0,1,0,6,0,0.5,0.5,Burnley-
Josh Cullen,ie IRL,MF,25,,14,1258,0,1,0,5,0,0.2,0.2,Burnley-
Lyle Foster,za RSA,FW,25,,13,1131,4,3,0,0,1,2,2,Burnley-
Luca Koleosho,it ITA,"MF,FW",25,,13,974,1,1,0,0,0,2,2,Burnley-
Ameen Al-Dakhil,be BEL,DF,25,,12,1056,1,0,0,1,0,1.3,1.3,Burnley-
Jóhann Berg Guðmundsson,is ISL,MF,25,,12,1050,0,2,0,2,0,0.9,0.9,Burnley-
Connor Roberts,wls WAL,DF,25,,8,823,0,1,0,5,1,0,0,Burnley-
Jay Rodriguez,eng ENG,FW,25,,7,731,2,1,1,0,0,3,2.2,Burnley-
Jacob Bruun Larsen,dk DEN,"MF,FW",25,,7,664,3,0,1,0,0,2.5,1.7,Burnley-
Lorenz Assignon,tg TOG,DF,25,,7,617,0,1,0,2,0,0.1,0.1,Burnley-
David Datro Fofana,ci CIV,FW,25,,6,596,4,1,0,1,0,3.4,3.4,Burnley-
Maxime Estève,fr FRA,DF,25,,6,545,0,0,0,2,0,0.1,0.1,Burnley-
Hannes Delcroix,be BEL,DF,25,,5,589,0,0,0,2,0,0.4,0.4,Burnley-
Aaron Ramsey,eng ENG,"MF,FW",25,,5,527,0,0,0,1,0,0.3,0.3,Burnley-
Hjalmar Ekdal,se SWE,DF,25,,4,325,0,0,0,2,0,0.1,0.1,Burnley-
Mike Trésor,be BEL,"FW,MF",25,,3,405,0,0,0,0,0,0.5,0.5,Burnley-
Anass Zaroury,ma MAR,"FW,MF",25,,1,152,0,0,0,0,1,0.2,0.2,Burnley-
Benson Manuel,be BEL,"MF,FW",25,,1,92,0,0,0,0,0,0,0,Burnley-
Arijanet Muric,xk KVX,GK,25,,1,90,0,0,0,0,0,0,0,Burnley-
Nathan Redmond,eng ENG,"FW,MF",25,,0,142,0,0,0,1,0,0,0,Burnley-
Michael Obafemi,ie IRL,"FW,MF",25,,0,20,0,0,0,0,0,0.1,0.1,Burnley-
Jack Cork,eng ENG,MF,25,,0,19,0,0,0,0,0,0,0,Burnley-
Han-Noah Massengo,fr FRA,"MF,DF",25,,0,16,0,0,0,0,0,0,0,Burnley-
CJ Egan-Riley,eng ENG,DF,25,,0,,,,,,,,,Burnley-
Lawrence Vigouroux,cl CHI,GK,25,,0,,,,,,,,,Burnley-
Squad Total,,,25,,319,2610,28,21,2,60,5,28.4,26.8,Burnley-
Opponent Total,,,25,,319,2610,61,44,5,69,3,50.5,46.6,Burnley-
Jack Robinson,eng ENG,DF,25,27,25,2322,1,1,0,7,0,1,1,Sheffield-United-
Vinicius Souza,br BRA,MF,25,27,25,2167,1,0,0,2,0,0.4,0.4,Sheffield-United-
Wes Foderingham,eng ENG,GK,25,25,24,2199,0,0,0,2,0,0,0,Sheffield-United-
Gustavo Hamer,nl NED,MF,25,26,24,2063,3,3,0,8,0,2.2,2.2,Sheffield-United-
Jayden Bogle,eng ENG,DF,25,24,22,1916,1,0,0,8,0,1.4,1.4,Sheffield-United-
Anel Ahmedhodžić,ba BIH,DF,25,22,20,1840,1,0,0,8,0,2.5,2.5,Sheffield-United-
Auston Trusty,us USA,DF,25,22,19,1773,0,0,0,4,0,0.3,0.3,Sheffield-United-
James Mcatee,eng ENG,"MF,FW",25,23,18,1570,3,2,1,2,0,2.4,1.7,Sheffield-United-
Cameron Archer,eng ENG,"FW,MF",25,21,16,1449,4,0,0,1,0,3.9,3.9,Sheffield-United-
Oliver Norwood,nir NIR,MF,25,24,16,1408,1,0,1,7,0,1.1,0.3,Sheffield-United-
George Baldock,gr GRE,DF,25,13,11,969,0,1,0,4,0,0,0,Sheffield-United-
Luke Thomas,eng ENG,DF,25,12,11,917,0,0,0,3,0,0.5,0.5,Sheffield-United-
Oliver McBurnie,sct SCO,FW,25,16,11,906,4,2,2,6,2,4.2,2.6,Sheffield-United-
William Osula,dk DEN,FW,25,18,9,730,0,0,0,4,0,1.6,1.6,Sheffield-United-
Andre Brooks,eng ENG,"MF,DF",25,13,8,650,0,0,0,1,0,0.2,0.2,Sheffield-United-
Ben Osborn,eng ENG,"DF,MF",25,15,6,705,0,1,0,2,0,0.2,0.2,Sheffield-United-
John Egan,ie IRL,DF,25,6,6,482,0,0,0,2,0,0.2,0.2,Sheffield-United-
Yasser Larouci,dz ALG,DF,25,9,4,421,0,0,0,1,0,0.2,0.2,Sheffield-United-
Anis Ben Slimane,tn TUN,MF,25,11,4,366,0,0,0,2,0,0.7,0.7,Sheffield-United-
Ivo Grbić,hr CRO,GK,25,4,4,321,0,0,0,1,0,0,0,Sheffield-United-
Ben Brereton,cl CHI,"MF,FW",25,4,4,254,2,0,0,1,0,1.1,1.1,Sheffield-United-
Max Lowe,eng ENG,"DF,MF",25,8,3,399,0,0,0,1,0,0.6,0.6,Sheffield-United-
Bénie Adama Traore,ci CIV,"FW,MF",25,8,3,387,0,0,0,0,0,0.3,0.3,Sheffield-United-
Chris Basham,eng ENG,"DF,MF",25,8,3,321,0,0,0,1,0,0.1,0.1,Sheffield-United-
Rhian Brewster,eng ENG,"FW,MF",25,11,3,307,0,0,0,0,1,0.3,0.3,Sheffield-United-
Mason Holgate,eng ENG,DF,25,3,3,192,0,0,0,1,1,0.4,0.4,Sheffield-United-
Tom Davies,eng ENG,MF,25,9,2,221,0,0,0,2,0,0.4,0.4,Sheffield-United-
Rhys Norrington-Davies,wls WAL,DF,25,5,2,110,0,0,0,1,0,0,0,Sheffield-United-
Oliver Arblaster,eng ENG,MF,25,2,1,106,0,0,0,0,0,0,0,Sheffield-United-
John Fleck,sct SCO,"MF,DF",25,4,1,92,0,0,0,1,0,0,0,Sheffield-United-
Antwoine Hackford,eng ENG,FW,25,2,0,13,0,0,0,0,0,0,0,Sheffield-United-
Sydie Peck,eng ENG,MF,25,1,0,10,0,0,0,0,0,0,0,Sheffield-United-
Ryan One,sct SCO,FW,25,1,0,8,0,0,0,0,0,0,0,Sheffield-United-
Jordan Amissah,gh GHA,GK,25,0,0,,,,,,,,,Sheffield-United-
Billy Blacker,eng ENG,FW,25,0,0,,,,,,,,,Sheffield-United-
Jili Buyabu,eng ENG,MF,25,0,0,,,,,,,,,Sheffield-United-
Ismaila Cheick Coulibaly,ml MLI,MF,25,0,0,,,,,,,,,Sheffield-United-
Sam Curtis,ie IRL,DF,25,0,0,,,,,,,,,Sheffield-United-
Adam Davies,wls WAL,GK,25,0,0,,,,,,,,,Sheffield-United-
Louie Marsh,eng ENG,FW,25,0,0,,,,,,,,,Sheffield-United-
Dovydas Sasnauskas,,DF,25,0,0,,,,,,,,,Sheffield-United-
Femi Seriki,eng ENG,DF,25,0,0,,,,,,,,,Sheffield-United-
Squad Total,,,25,28,308,2520,21,10,4,83,4,25.2,22.1,Sheffield-United-
Opponent Total,,,25,28,308,2520,69,51,3,45,2,57.1,53.2,Sheffield-United-
