Player,Nation,Pos,Age,MP,Starts,Min,Gls,Ast,PK,CrdY,CrdR,xG,npxG,Team,total_points,clean_sheets,saves,bonus,influence,creativity,threat,price,selected_by_percent,form,points_per_game
David Raya Martín,,GKP,,,,450,0,0,,1,0,,,Arsenal,26,3,13,3,116.8,10.0,0.0,5.5,24.2,3.3,5.2
Kepa Arrizabalaga Revuelta,,GKP,,,,0,0,0,,0,0,,,Arsenal,0,0,0,0,0.0,0.0,0.0,4.4,0.6,0.0,0.0
Karl Hein,,GKP,,,,0,0,0,,0,0,,,Arsenal,0,0,0,0,0.0,0.0,0.0,4.0,0.4,0.0,0.0
Tommy Setford,,GKP,,,,0,0,0,,0,0,,,Arsenal,0,0,0,0,0.0,0.0,0.0,4.0,0.2,0.0,0.0
Gabriel dos Santos Magalhães,,DEF,,,,450,0,0,,0,0,,,Arsenal,25,3,0,1,99.2,8.6,21.0,6.1,22.6,4.3,5.0
William Saliba,,DEF,,,,274,0,0,,0,0,,,Arsenal,18,2,0,1,74.8,5.2,6.0,6.0,12.5,1.0,4.5
Riccardo Calafiori,,DEF,,,,381,1,2,,2,0,,,Arsenal,35,3,0,3,93.0,44.2,89.0,5.7,14.2,3.0,7.0
Jurriën Timber,,DEF,,,,341,2,1,,2,0,,,Arsenal,35,2,0,5,146.2,68.1,129.0,5.8,13.4,3.7,7.0
Jakub Kiwior,,DEF,,,,0,0,0,,0,0,,,Arsenal,0,0,0,0,0.0,0.0,0.0,5.4,0.1,0.0,0.0
Myles Lewis-Skelly,,DEF,,,,66,0,0,,1,0,,,Arsenal,2,0,0,0,4.4,5.7,0.0,5.3,2.2,0.3,0.7
Benjamin White,,DEF,,,,70,0,0,,0,0,,,Arsenal,6,1,0,0,15.4,11.3,1.0,5.4,0.5,0.0,6.0
Brayden Clarke,,DEF,,,,0,0,0,,0,0,,,Arsenal,0,0,0,0,0.0,0.0,0.0,4.0,0.5,0.0,0.0
Maldini Kacurri,,DEF,,,,0,0,0,,0,0,,,Arsenal,0,0,0,0,0.0,0.0,0.0,3.9,0.2,0.0,0.0
Josh Nichols,,DEF,,,,0,0,0,,0,0,,,Arsenal,0,0,0,0,0.0,0.0,0.0,3.9,0.2,0.0,0.0
Bukayo Saka,,MID,,,,187,1,0,,0,0,,,Arsenal,10,1,0,0,58.0,79.1,35.0,9.8,3.8,0.3,3.3
Martin Ødegaard,,MID,,,,164,0,0,,0,0,,,Arsenal,8,1,0,0,20.8,32.1,22.0,7.9,2.0,0.7,2.0
Noni Madueke,,MID,,,,304,0,0,,0,0,,,Arsenal,10,2,0,0,30.2,111.7,105.0,7.0,1.6,2.0,2.0
Gabriel Martinelli Silva,,MID,,,,150,1,0,,0,0,,,Arsenal,12,1,0,1,42.6,15.3,44.0,6.9,1.0,3.7,3.0
Leandro Trossard,,MID,,,,131,0,1,,0,0,,,Arsenal,7,0,0,0,30.2,36.3,25.0,6.9,0.3,2.0,2.3
Declan Rice,,MID,,,,374,0,2,,0,0,,,Arsenal,20,2,0,1,63.2,112.3,15.0,6.5,8.3,2.7,4.0
Mikel Merino Zazón,,MID,,,,211,0,0,,0,0,,,Arsenal,8,2,0,0,28.4,39.9,33.0,5.9,0.5,2.3,2.0
Fábio Ferreira Vieira,,MID,,,,0,0,0,,0,0,,,Arsenal,0,0,0,0,0.0,0.0,0.0,5.4,0.0,0.0,0.0
Christian Nørgaard,,MID,,,,0,0,0,,0,0,,,Arsenal,0,0,0,0,0.0,0.0,0.0,5.4,0.2,0.0,0.0
Ethan Nwaneri,,MID,,,,130,0,0,,0,0,,,Arsenal,5,1,0,0,8.2,20.9,20.0,5.3,0.2,1.3,1.7
Martín Zubimendi Ibáñez,,MID,,,,450,2,0,,1,0,,,Arsenal,27,3,0,3,101.0,44.9,45.0,5.4,4.0,6.3,5.4
Ismeal Kabia,,MID,,,,0,0,0,,0,0,,,Arsenal,0,0,0,0,0.0,0.0,0.0,4.5,0.2,0.0,0.0
Albert Sambi Lokonga,,MID,,,,0,0,0,,0,0,,,Arsenal,0,0,0,0,0.0,0.0,0.0,4.5,0.1,0.0,0.0
Kai Havertz,,FWD,,,,30,0,0,,0,0,,,Arsenal,1,0,0,0,2.8,0.8,2.0,7.3,0.4,0.0,1.0
Gabriel Fernando de Jesus,,FWD,,,,0,0,0,,0,0,,,Arsenal,0,0,0,0,0.0,0.0,0.0,6.5,0.0,0.0,0.0
Eberechi Eze,,MID,,,,226,0,2,,0,0,,,Arsenal,14,2,0,0,54.0,38.3,60.0,7.5,12.1,2.8,3.5
Cristhian Mosquera,,DEF,,,,202,0,0,,0,0,,,Arsenal,11,1,0,1,51.4,2.4,4.0,5.4,0.2,3.3,2.8
Viktor Gyökeres,,FWD,,,,396,3,0,,1,0,,,Arsenal,22,2,0,2,109.2,46.2,110.0,9.0,25.3,3.0,4.4
Max Dowman,,MID,,,,27,0,1,,0,0,,,Arsenal,5,0,0,0,1.0,0.8,26.0,4.5,0.4,0.3,2.5
Andre Harriman-Annous,,MID,,,,0,0,0,,0,0,,,Arsenal,0,0,0,0,0.0,0.0,0.0,4.5,0.0,0.0,0.0
Piero Hincapié,,DEF,,,,0,0,0,,0,0,,,Arsenal,0,0,0,0,0.0,0.0,0.0,5.5,0.0,0.0,0.0
Emiliano Martínez Romero,,GKP,,,,270,0,0,,0,0,,,Aston Villa,11,1,6,0,51.8,0.0,0.0,5.0,2.2,3.0,3.7
Marco Bizot,,GKP,,,,180,0,0,,1,0,,,Aston Villa,7,1,4,0,25.4,0.0,0.0,4.5,0.6,0.0,3.5
Joe Gauci,,GKP,,,,0,0,0,,0,0,,,Aston Villa,0,0,0,0,0.0,0.0,0.0,4.0,0.2,0.0,0.0
Filip Marschall,,GKP,,,,0,0,0,,0,0,,,Aston Villa,0,0,0,0,0.0,0.0,0.0,4.0,0.0,0.0,0.0
Matty Cash,,DEF,,,,433,1,0,,2,0,,,Aston Villa,25,2,0,2,121.8,72.6,20.0,4.6,5.1,5.0,5.0
Lucas Digne,,DEF,,,,307,0,0,,1,0,,,Aston Villa,15,2,0,0,27.0,25.5,17.0,4.5,2.0,2.3,3.0
Ezri Konsa Ngoyo,,DEF,,,,335,0,0,,0,1,,,Aston Villa,12,2,0,0,61.8,19.4,4.0,4.5,12.3,3.0,3.0
Ian Maatsen,,DEF,,,,141,0,0,,1,0,,,Aston Villa,2,0,0,0,34.6,57.0,13.0,4.4,0.6,0.3,0.7
Tyrone Mings,,DEF,,,,450,0,0,,0,0,,,Aston Villa,22,2,0,1,115.4,43.8,25.0,4.5,1.6,4.7,4.4
Pau Torres,,DEF,,,,106,0,0,,0,0,,,Aston Villa,3,0,0,0,20.4,6.3,9.0,4.4,0.4,0.3,1.5
Andrés García,,DEF,,,,0,0,0,,0,0,,,Aston Villa,0,0,0,0,0.0,0.0,0.0,3.9,0.2,0.0,0.0
Álex Moreno Lopera,,DEF,,,,0,0,0,,0,0,,,Aston Villa,0,0,0,0,0.0,0.0,0.0,4.0,3.9,0.0,0.0
Lamare Bogarde,,DEF,,,,112,0,0,,1,0,,,Aston Villa,11,1,0,3,13.2,7.3,6.0,4.0,0.6,3.7,2.8
Lino da Cruz Sousa,,DEF,,,,0,0,0,,0,0,,,Aston Villa,0,0,0,0,0.0,0.0,0.0,4.0,0.3,0.0,0.0
Yasin Özcan,,DEF,,,,0,0,0,,0,0,,,Aston Villa,0,0,0,0,0.0,0.0,0.0,4.0,0.2,0.0,0.0
Morgan Rogers,,MID,,,,441,0,0,,0,0,,,Aston Villa,12,2,0,0,32.6,74.1,59.0,7.0,7.1,2.3,2.4
Youri Tielemans,,MID,,,,315,0,0,,0,0,,,Aston Villa,8,1,0,0,34.2,74.2,29.0,5.9,1.1,1.0,2.0
Leon Bailey,,MID,,,,0,0,0,,0,0,,,Aston Villa,0,0,0,0,0.0,0.0,0.0,5.5,0.1,0.0,0.0
Emiliano Buendía Stati,,MID,,,,230,0,0,,1,0,,,Aston Villa,5,1,0,0,23.4,63.0,46.0,5.3,0.1,1.3,1.2
Samuel Iling-Junior,,MID,,,,0,0,0,,0,0,,,Aston Villa,0,0,0,0,0.0,0.0,0.0,5.5,0.0,0.0,0.0
Donyell Malen,,MID,,,,138,0,0,,0,0,,,Aston Villa,6,0,0,0,6.6,22.1,38.0,5.2,0.7,1.3,1.2
John McGinn,,MID,,,,409,0,0,,0,0,,,Aston Villa,12,2,0,0,52.8,97.1,24.0,5.5,0.6,2.3,2.4
Ross Barkley,,MID,,,,0,0,0,,0,0,,,Aston Villa,0,0,0,0,0.0,0.0,0.0,4.9,0.0,0.0,0.0
Enzo Barrenechea,,MID,,,,0,0,0,,0,0,,,Aston Villa,0,0,0,0,0.0,0.0,0.0,5.0,0.0,0.0,0.0
Lewis Dobbin,,MID,,,,0,0,0,,0,0,,,Aston Villa,0,0,0,0,0.0,0.0,0.0,5.0,0.0,0.0,0.0
Boubacar Kamara,,MID,,,,186,0,1,,1,0,,,Aston Villa,9,1,0,1,53.6,32.0,19.0,4.9,0.1,2.0,3.0
Amadou Onana,,MID,,,,153,0,0,,1,0,,,Aston Villa,6,1,0,0,34.0,6.2,16.0,4.9,0.8,0.0,3.0
Ben Broggio,,MID,,,,0,0,0,,0,0,,,Aston Villa,0,0,0,0,0.0,0.0,0.0,4.5,0.3,0.0,0.0
Leander Dendoncker,,MID,,,,0,0,0,,0,0,,,Aston Villa,0,0,0,0,0.0,0.0,0.0,4.5,0.1,0.0,0.0
Jamaldeen Jimoh-Aloba,,MID,,,,0,0,0,,0,0,,,Aston Villa,0,0,0,0,0.0,0.0,0.0,4.5,0.1,0.0,0.0
Kadan Young,,MID,,,,0,0,0,,0,0,,,Aston Villa,0,0,0,0,0.0,0.0,0.0,4.5,0.6,0.0,0.0
Ollie Watkins,,FWD,,,,442,0,0,,0,0,,,Aston Villa,10,2,0,0,19.4,56.2,100.0,8.8,12.5,2.0,2.0
Zépiqueno Redmond,,FWD,,,,0,0,0,,0,0,,,Aston Villa,0,0,0,0,0.0,0.0,0.0,4.5,0.5,0.0,0.0
Harvey Elliott,,MID,,,,52,0,0,,0,0,,,Aston Villa,3,0,0,0,3.8,11.6,11.0,5.4,0.6,0.8,1.0
Jadon Sancho,,MID,,,,8,0,0,,0,0,,,Aston Villa,1,0,0,0,0.8,2.8,7.0,5.9,0.2,0.2,1.0
Evann Guessand,,MID,,,,177,0,0,,0,0,,,Aston Villa,6,1,0,0,26.0,7.3,40.0,6.4,0.0,1.7,1.5
James Wright,,GKP,,,,0,0,0,,0,0,,,Aston Villa,0,0,0,0,0.0,0.0,0.0,4.0,0.5,0.0,0.0
Triston Rowe,,DEF,,,,0,0,0,,0,0,,,Aston Villa,0,0,0,0,0.0,0.0,0.0,4.0,0.1,0.0,0.0
Bradley Burrowes,,MID,,,,16,0,0,,0,0,,,Aston Villa,1,0,0,0,0.0,0.3,0.0,4.5,0.1,0.3,1.0
Sam Proctor,,GKP,,,,0,0,0,,0,0,,,Aston Villa,0,0,0,0,0.0,0.0,0.0,4.0,0.3,0.0,0.0
Travis Patterson,,DEF,,,,0,0,0,,0,0,,,Aston Villa,0,0,0,0,0.0,0.0,0.0,4.0,0.1,0.0,0.0
Victor Lindelöf,,DEF,,,,7,0,0,,0,0,,,Aston Villa,1,0,0,0,0.4,0.3,0.0,4.5,0.0,0.5,1.0
Max Weiß,,GKP,,,,0,0,0,,0,0,,,Burnley,0,0,0,0,0.0,0.0,0.0,4.4,0.1,0.0,0.0
Etienne Green,,GKP,,,,0,0,0,,0,0,,,Burnley,0,0,0,0,0.0,0.0,0.0,4.0,0.3,0.0,0.0
Václav Hladký,,GKP,,,,0,0,0,,0,0,,,Burnley,0,0,0,0,0.0,0.0,0.0,4.0,0.2,0.0,0.0
Connor Roberts,,DEF,,,,0,0,0,,0,0,,,Burnley,0,0,0,0,0.0,0.0,0.0,4.4,0.0,0.0,0.0
Kyle Walker,,DEF,,,,450,0,0,,1,0,,,Burnley,11,1,0,0,67.8,11.5,3.0,4.5,1.7,1.3,2.2
Hannes Delcroix,,DEF,,,,0,0,0,,0,0,,,Burnley,0,0,0,0,0.0,0.0,0.0,3.9,0.2,0.0,0.0
Owen Dodgson,,DEF,,,,0,0,0,,0,0,,,Burnley,0,0,0,0,0.0,0.0,0.0,4.0,0.0,0.0,0.0
Hjalmar Ekdal,,DEF,,,,442,0,0,,0,0,,,Burnley,19,1,0,1,111.6,15.8,57.0,4.0,1.6,3.0,3.8
Maxime Estève,,DEF,,,,442,0,0,,0,0,,,Burnley,16,1,0,0,113.2,12.3,27.0,4.0,15.9,3.0,3.2
Quilindschy Hartman,,DEF,,,,450,0,0,,0,0,,,Burnley,14,1,0,0,104.6,78.3,20.0,4.0,0.5,2.3,2.8
Bashir Humphreys,,DEF,,,,0,0,0,,0,0,,,Burnley,0,0,0,0,0.0,0.0,0.0,4.0,0.1,0.0,0.0
Jordan Beyer,,DEF,,,,0,0,0,,0,0,,,Burnley,0,0,0,0,0.0,0.0,0.0,4.0,0.1,0.0,0.0
Lucas Pires Silva,,DEF,,,,0,0,0,,0,0,,,Burnley,0,0,0,0,0.0,0.0,0.0,3.9,0.2,0.0,0.0
Shurandy Sambo,,DEF,,,,0,0,0,,0,0,,,Burnley,0,0,0,0,0.0,0.0,0.0,4.0,0.1,0.0,0.0
Oliver Sonne,,DEF,,,,102,0,0,,0,0,,,Burnley,3,0,0,0,7.6,16.4,6.0,4.0,0.1,0.3,1.0
Axel Tuanzebe,,DEF,,,,0,0,0,,0,0,,,Burnley,0,0,0,0,0.0,0.0,0.0,3.9,1.9,0.0,0.0
Joe Worrall,,DEF,,,,18,0,0,,0,0,,,Burnley,3,0,0,0,11.0,0.0,0.0,4.0,0.1,0.7,1.0
Jaidon Anthony,,MID,,,,442,3,1,,1,0,,,Burnley,34,2,0,5,168.0,61.8,151.0,5.5,2.3,6.3,6.8
Manuel Benson Hedilazio,,MID,,,,0,0,0,,0,0,,,Burnley,0,0,0,0,0.0,0.0,0.0,5.4,0.0,0.0,0.0
Jacob Bruun Larsen,,MID,,,,176,0,1,,0,0,,,Burnley,9,1,0,0,32.8,29.1,20.0,5.4,0.0,1.7,3.0
Enock Agyei,,MID,,,,0,0,0,,0,0,,,Burnley,0,0,0,0,0.0,0.0,0.0,4.9,0.0,0.0,0.0
Darko Churlinov,,MID,,,,0,0,0,,0,0,,,Burnley,0,0,0,0,0.0,0.0,0.0,4.9,0.0,0.0,0.0
Josh Cullen,,MID,,,,422,1,1,,0,0,,,Burnley,27,2,0,3,140.6,87.2,21.0,5.0,2.0,3.0,5.4
Marcus Edwards,,MID,,,,5,0,0,,0,0,,,Burnley,1,0,0,0,0.0,0.0,0.0,4.8,0.1,0.0,1.0
Hannibal Mejbri,,MID,,,,244,0,0,,0,0,,,Burnley,11,1,0,0,14.0,40.7,13.0,5.0,0.2,1.3,2.2
Luca Koleosho,,MID,,,,0,0,0,,0,0,,,Burnley,0,0,0,0,0.0,0.0,0.0,5.0,0.0,0.0,0.0
Josh Laurent,,MID,,,,277,0,0,,1,0,,,Burnley,7,0,0,0,43.4,18.3,25.0,4.9,0.0,1.3,1.4
Loum Tchaouna,,MID,,,,190,0,1,,1,0,,,Burnley,10,1,0,0,13.2,26.2,28.0,4.9,0.0,2.7,2.0
Aaron Ramsey,,MID,,,,0,0,0,,0,0,,,Burnley,0,0,0,0,0.0,0.0,0.0,4.4,4.0,0.0,0.0
Oluwaseun Adewumi,,MID,,,,0,0,0,,0,0,,,Burnley,0,0,0,0,0.0,0.0,0.0,4.5,0.0,0.0,0.0
Jaydon Banel,,MID,,,,0,0,0,,0,0,,,Burnley,0,0,0,0,0.0,0.0,0.0,4.5,0.0,0.0,0.0
Mike Trésor Ndayishimiye,,MID,,,,0,0,0,,0,0,,,Burnley,0,0,0,0,0.0,0.0,0.0,4.4,0.1,0.0,0.0
Zian Flemming,,FWD,,,,24,0,0,,0,0,,,Burnley,3,0,0,0,2.2,10.1,7.0,5.4,0.1,0.3,1.0
Zeki Amdouni,,FWD,,,,0,0,0,,0,0,,,Burnley,0,0,0,0,0.0,0.0,0.0,4.9,0.0,0.0,0.0
Lyle Foster,,FWD,,,,418,1,1,,1,0,,,Burnley,18,2,0,2,80.6,53.6,50.0,5.0,1.8,4.7,3.6
Ashley Barnes,,FWD,,,,0,0,0,,0,0,,,Burnley,0,0,0,0,0.0,0.0,0.0,4.4,1.6,0.0,0.0
Michael Obafemi,,FWD,,,,0,0,0,,0,0,,,Burnley,0,0,0,0,0.0,0.0,0.0,4.4,0.2,0.0,0.0
Martin Dúbravka,,GKP,,,,450,0,0,,0,0,,,Burnley,17,1,19,0,142.6,0.0,0.0,4.0,34.3,3.0,3.4
Lesley Ugochukwu,,MID,,,,253,0,0,,0,1,,,Burnley,5,1,0,0,23.8,18.8,8.0,5.0,0.0,0.3,1.2
Armando Broja,,FWD,,,,1,0,0,,0,0,,,Burnley,1,0,0,0,2.0,0.1,0.0,5.4,0.1,0.3,1.0
Florentino Ibrain Morris Luís,,MID,,,,117,0,0,,1,0,,,Burnley,4,0,0,0,38.6,23.7,0.0,5.0,0.0,2.0,2.0
Norberto Murara Neto,,GKP,,,,0,0,0,,0,0,,,Bournemouth,0,0,0,0,0.0,0.0,0.0,4.5,0.1,0.0,0.0
Đorđe Petrović,,GKP,,,,450,0,0,,1,0,,,Bournemouth,21,3,10,0,88.8,0.0,0.0,4.5,5.0,4.3,4.2
Will Dennis,,GKP,,,,0,0,0,,0,0,,,Bournemouth,0,0,0,0,0.0,0.0,0.0,4.0,1.1,0.0,0.0
Callan McKenna,,GKP,,,,0,0,0,,0,0,,,Bournemouth,0,0,0,0,0.0,0.0,0.0,4.0,0.2,0.0,0.0
Alex Paulsen,,GKP,,,,0,0,0,,0,0,,,Bournemouth,0,0,0,0,0.0,0.0,0.0,4.0,0.1,0.0,0.0
Illia Zabarnyi,,DEF,,,,0,0,0,,0,0,,,Bournemouth,0,0,0,0,0.0,0.0,0.0,5.0,0.0,0.0,0.0
Marcos Senesi Barón,,DEF,,,,450,0,1,,1,0,,,Bournemouth,37,3,0,5,144.8,42.8,14.0,4.7,13.2,8.7,7.4
Adam Smith,,DEF,,,,204,0,0,,0,0,,,Bournemouth,8,1,0,0,17.8,14.0,4.0,4.5,0.2,0.3,2.7
Adrien Truffert,,DEF,,,,450,0,0,,0,0,,,Bournemouth,24,3,0,4,82.8,92.0,9.0,4.5,1.5,6.0,4.8
Matai Akinmboni,,DEF,,,,0,0,0,,0,0,,,Bournemouth,0,0,0,0,0.0,0.0,0.0,4.0,0.3,0.0,0.0
Owen Bevan,,DEF,,,,0,0,0,,0,0,,,Bournemouth,0,0,0,0,0.0,0.0,0.0,4.0,0.2,0.0,0.0
James Hill,,DEF,,,,198,0,0,,1,0,,,Bournemouth,10,1,0,0,24.2,3.0,41.0,4.0,0.9,2.7,2.0
Julián Araujo Zúñiga,,DEF,,,,0,0,0,,0,0,,,Bournemouth,0,0,0,0,0.0,0.0,0.0,4.0,0.9,0.0,0.0
Chris Mepham,,DEF,,,,0,0,0,,0,0,,,Bournemouth,0,0,0,0,0.0,0.0,0.0,4.0,0.1,0.0,0.0
Julio Soler Barreto,,DEF,,,,1,0,0,,0,0,,,Bournemouth,1,0,0,0,0.0,0.0,0.0,4.0,0.3,0.3,1.0
Justin Kluivert,,MID,,,,71,0,0,,0,0,,,Bournemouth,4,0,0,0,12.8,32.8,24.0,7.0,0.7,1.0,1.0
Antoine Semenyo,,MID,,,,450,3,2,,1,0,,,Bournemouth,41,3,0,6,170.2,99.3,140.0,7.7,46.9,6.7,8.2
Marcus Tavernier,,MID,,,,406,1,0,,0,0,,,Bournemouth,23,3,0,3,85.0,63.9,93.0,5.5,1.7,2.7,4.6
Tyler Adams,,MID,,,,447,0,0,,3,0,,,Bournemouth,14,3,0,0,80.6,26.1,45.0,5.0,0.4,2.7,2.8
David Brooks,,MID,,,,340,0,1,,2,0,,,Bournemouth,15,3,0,1,57.8,107.3,82.0,5.0,0.4,2.7,3.0
Ryan Christie,,MID,,,,78,0,0,,0,0,,,Bournemouth,3,0,0,0,18.0,18.9,11.0,5.0,0.1,0.7,1.0
Lewis Cook,,MID,,,,4,0,0,,0,0,,,Bournemouth,1,0,0,0,2.0,0.1,0.0,4.9,0.0,0.3,1.0
Philip Billing,,MID,,,,0,0,0,,0,0,,,Bournemouth,0,0,0,0,0.0,0.0,0.0,4.9,0.0,0.0,0.0
Alex Scott,,MID,,,,328,1,0,,1,0,,,Bournemouth,19,3,0,2,76.8,67.7,22.0,5.0,0.3,5.0,3.8
Luis Sinisterra Lucumí,,MID,,,,0,0,0,,0,0,,,Bournemouth,0,0,0,0,0.0,0.0,0.0,5.0,0.0,0.0,0.0
Romain Faivre,,MID,,,,0,0,0,,0,0,,,Bournemouth,0,0,0,0,0.0,0.0,0.0,4.5,0.1,0.0,0.0
Hamed Traorè,,MID,,,,16,0,1,,0,0,,,Bournemouth,4,0,0,0,21.2,10.0,0.0,4.5,0.7,0.0,4.0
Dominic Sadi,,MID,,,,0,0,0,,0,0,,,Bournemouth,0,0,0,0,0.0,0.0,0.0,4.5,0.1,0.0,0.0
Zain Silcott-Duberry,,MID,,,,0,0,0,,0,0,,,Bournemouth,0,0,0,0,0.0,0.0,0.0,4.4,0.2,0.0,0.0
Ben Winterburn,,MID,,,,6,0,0,,0,0,,,Bournemouth,1,0,0,0,0.0,0.0,0.0,4.5,0.1,0.0,1.0
Francisco Evanilson de Lima Barbosa,,FWD,,,,437,1,1,,1,0,,,Bournemouth,18,3,0,2,55.0,81.6,133.0,7.0,3.1,5.0,3.6
Enes Ünal,,FWD,,,,0,0,0,,0,0,,,Bournemouth,0,0,0,0,0.0,0.0,0.0,5.5,0.0,0.0,0.0
Daniel Adu-Adjei,,FWD,,,,0,0,0,,0,0,,,Bournemouth,0,0,0,0,0.0,0.0,0.0,4.4,0.3,0.0,0.0
Eli Junior Kroupi,,FWD,,,,12,0,0,,0,0,,,Bournemouth,3,0,0,0,0.0,0.0,2.0,4.5,1.5,0.3,1.0
Ben Gannon-Doak,,MID,,,,0,0,0,,0,0,,,Bournemouth,0,0,0,0,0.0,0.0,0.0,5.0,0.0,0.0,0.0
Bafodé Diakité,,DEF,,,,360,0,0,,1,0,,,Bournemouth,21,3,0,2,71.0,23.8,6.0,4.5,0.4,3.7,5.2
Remy Rees-Dottin,,MID,,,,0,0,0,,0,0,,,Bournemouth,0,0,0,0,0.0,0.0,0.0,4.5,0.1,0.0,0.0
Amine Adli,,MID,,,,88,0,0,,0,0,,,Bournemouth,4,0,0,0,32.0,27.1,9.0,5.5,0.0,1.0,1.0
Álex Jiménez Sánchez,,DEF,,,,48,0,0,,2,0,,,Bournemouth,0,0,0,0,4.4,1.9,9.0,4.5,0.0,0.0,0.0
Veljko Milosavljevic,,DEF,,,,90,0,0,,0,0,,,Bournemouth,4,0,0,0,23.4,11.3,6.0,4.5,0.0,2.0,4.0
Reiss Nelson,,MID,,,,0,0,0,,0,0,,,Brentford,0,0,0,0,0.0,0.0,0.0,4.9,0.1,0.0,0.0
Dango Ouattara,,MID,,,,215,1,0,,0,0,,,Brentford,17,1,0,3,58.6,5.1,90.0,6.0,0.8,1.3,4.2
Caoimhín Kelleher,,GKP,,,,450,0,0,,1,0,,,Brentford,10,1,11,0,85.2,0.0,0.0,4.5,8.7,1.3,2.0
Ellery Balcombe,,GKP,,,,0,0,0,,0,0,,,Brentford,0,0,0,0,0.0,0.0,0.0,4.0,0.3,0.0,0.0
Matthew Cox,,GKP,,,,0,0,0,,0,0,,,Brentford,0,0,0,0,0.0,0.0,0.0,4.0,0.1,0.0,0.0
Julian Eyestone,,GKP,,,,0,0,0,,0,0,,,Brentford,0,0,0,0,0.0,0.0,0.0,4.0,0.1,0.0,0.0
Hákon Rafn Valdimarsson,,GKP,,,,0,0,0,,0,0,,,Brentford,0,0,0,0,0.0,0.0,0.0,4.0,0.7,0.0,0.0
Nathan Collins,,DEF,,,,450,0,0,,2,0,,,Brentford,15,1,0,1,102.8,11.6,50.0,5.0,1.4,2.0,3.0
Keane Lewis-Potter,,DEF,,,,383,0,0,,0,0,,,Brentford,15,2,0,0,27.2,25.4,15.0,5.0,0.4,2.7,3.0
Kristoffer Ajer,,DEF,,,,28,0,1,,0,0,,,Brentford,6,0,0,0,24.8,10.7,23.0,4.4,0.2,1.7,2.0
Rico Henry,,DEF,,,,153,0,0,,1,0,,,Brentford,3,0,0,0,11.0,12.1,12.0,4.5,0.1,0.3,0.6
Michael Kayode,,DEF,,,,436,0,0,,0,0,,,Brentford,15,1,0,2,87.6,47.4,6.0,4.5,0.4,1.3,3.0
Ethan Pinnock,,DEF,,,,155,0,0,,1,0,,,Brentford,0,0,0,0,31.8,0.8,10.0,4.4,0.1,0.0,0.0
Mads Roerslev Rasmussen,,DEF,,,,0,0,0,,0,0,,,Brentford,0,0,0,0,0.0,0.0,0.0,4.5,0.0,0.0,0.0
Sepp van den Berg,,DEF,,,,450,0,0,,0,0,,,Brentford,16,1,0,0,108.6,2.2,26.0,4.5,0.7,1.7,3.2
Benjamin Arthur,,DEF,,,,0,0,0,,0,0,,,Brentford,0,0,0,0,0.0,0.0,0.0,4.0,0.3,0.0,0.0
Benjamin Fredrick,,DEF,,,,0,0,0,,0,0,,,Brentford,0,0,0,0,0.0,0.0,0.0,4.0,0.1,0.0,0.0
Aaron Hickey,,DEF,,,,20,0,0,,1,0,,,Brentford,2,0,0,0,6.2,0.4,0.0,4.0,0.4,0.3,0.7
Kim Ji-soo,,DEF,,,,0,0,0,,0,0,,,Brentford,0,0,0,0,0.0,0.0,0.0,3.9,0.2,0.0,0.0
Jayden Meghoma,,DEF,,,,0,0,0,,0,0,,,Brentford,0,0,0,0,0.0,0.0,0.0,4.0,0.1,0.0,0.0
Kevin Schade,,MID,,,,392,1,0,,0,0,,,Brentford,13,1,0,0,69.0,31.8,100.0,7.0,0.4,3.0,2.6
Mikkel Damsgaard,,MID,,,,266,1,0,,0,0,,,Brentford,15,1,0,1,81.6,89.7,40.0,5.9,0.7,3.3,5.0
Antoni Milambo,,MID,,,,45,0,0,,0,0,,,Brentford,1,0,0,0,4.0,1.8,0.0,5.4,0.0,0.0,1.0
Fábio Freitas Gouveia Carvalho,,MID,,,,95,1,0,,0,0,,,Brentford,11,0,0,1,38.8,6.2,36.0,4.9,0.3,3.0,2.8
Jordan Henderson,,MID,,,,322,0,1,,0,0,,,Brentford,15,2,0,1,48.8,32.2,5.0,5.0,0.3,3.7,3.0
Vitaly Janelt,,MID,,,,16,0,0,,0,0,,,Brentford,1,0,0,0,0.0,0.1,0.0,4.9,0.0,0.3,1.0
Mathias Jensen,,MID,,,,151,0,0,,0,0,,,Brentford,5,0,0,0,26.8,48.0,10.0,4.9,0.1,0.7,1.7
Gustavo Nunes Fernandes Gomes,,MID,,,,0,0,0,,0,0,,,Brentford,0,0,0,0,0.0,0.0,0.0,4.9,0.0,0.0,0.0
Frank Onyeka,,MID,,,,61,0,2,,0,0,,,Brentford,9,0,0,0,23.4,12.3,4.0,5.0,0.1,1.3,3.0
Yehor Yarmoliuk,,MID,,,,438,0,0,,1,0,,,Brentford,14,1,0,0,65.0,44.2,17.0,5.0,0.1,2.3,2.8
Romelle Donovan,,MID,,,,0,0,0,,0,0,,,Brentford,0,0,0,0,0.0,0.0,0.0,4.5,0.1,0.0,0.0
Yunus Emre Konak,,MID,,,,0,0,0,,0,0,,,Brentford,0,0,0,0,0.0,0.0,0.0,4.4,0.2,0.0,0.0
Paris Maghoma,,MID,,,,0,0,0,,0,0,,,Brentford,0,0,0,0,0.0,0.0,0.0,4.5,0.0,0.0,0.0
Myles Peart-Harris,,MID,,,,0,0,0,,0,0,,,Brentford,0,0,0,0,0.0,0.0,0.0,4.5,0.0,0.0,0.0
Ryan Trevitt,,MID,,,,0,0,0,,0,0,,,Brentford,0,0,0,0,0.0,0.0,0.0,4.5,0.0,0.0,0.0
Igor Thiago Nascimento Rodrigues,,FWD,,,,405,2,0,,2,0,,,Brentford,17,1,0,1,97.8,60.5,75.0,6.0,1.7,3.0,3.4
Iwan Morgan,,FWD,,,,0,0,0,,0,0,,,Brentford,0,0,0,0,0.0,0.0,0.0,4.4,0.4,0.0,0.0
Jason Steele,,GKP,,,,0,0,0,,0,0,,,Brighton,0,0,0,0,0.0,0.0,0.0,4.4,0.3,0.0,0.0
Bart Verbruggen,,GKP,,,,450,0,0,,0,0,,,Brighton,8,0,9,0,90.2,10.0,0.0,4.5,5.1,1.5,1.6
Tom McGill,,GKP,,,,0,0,0,,0,0,,,Brighton,0,0,0,0,0.0,0.0,0.0,4.0,0.4,0.0,0.0
Carl Rushworth,,GKP,,,,0,0,0,,0,0,,,Brighton,0,0,0,0,0.0,0.0,0.0,4.0,0.0,0.0,0.0
Kjell Scherpen,,GKP,,,,0,0,0,,0,0,,,Brighton,0,0,0,0,0.0,0.0,0.0,4.0,0.0,0.0,0.0
Olivier Boscagli,,DEF,,,,0,0,0,,0,0,,,Brighton,0,0,0,0,0.0,0.0,0.0,4.4,0.1,0.0,0.0
Diego Coppola,,DEF,,,,16,0,0,,0,0,,,Brighton,2,0,0,0,5.4,0.1,0.0,4.4,0.1,0.5,1.0
Maxim De Cuyper,,DEF,,,,269,0,0,,1,0,,,Brighton,5,0,0,0,28.4,37.7,12.0,4.4,3.0,0.8,1.2
Lewis Dunk,,DEF,,,,450,0,1,,1,0,,,Brighton,13,0,0,0,86.4,14.6,28.0,4.5,1.2,2.8,2.6
Pervis Estupiñán Tenorio,,DEF,,,,0,0,0,,0,0,,,Brighton,0,0,0,0,0.0,0.0,0.0,4.5,0.0,0.0,0.0
Ferdi Kadıoğlu,,DEF,,,,194,0,0,,2,0,,,Brighton,5,0,0,0,31.8,21.2,4.0,4.4,0.1,1.2,1.2
Tariq Lamptey,,DEF,,,,0,0,0,,0,0,,,Brighton,0,0,0,0,0.0,0.0,0.0,4.4,0.2,0.0,0.0
Jan Paul van Hecke,,DEF,,,,450,0,0,,1,0,,,Brighton,8,0,0,0,103.0,3.7,39.0,4.5,0.9,1.5,1.6
Joël Veltman,,DEF,,,,270,0,0,,1,0,,,Brighton,7,0,0,0,57.6,19.8,6.0,4.4,0.2,1.8,2.3
Adam Webster,,DEF,,,,0,0,0,,0,0,,,Brighton,0,0,0,0,0.0,0.0,0.0,4.4,0.0,0.0,0.0
Eiran Cashin,,DEF,,,,0,0,0,,0,0,,,Brighton,0,0,0,0,0.0,0.0,0.0,4.0,0.0,0.0,0.0
Jacob Slater,,DEF,,,,0,0,0,,0,0,,,Brighton,0,0,0,0,0.0,0.0,0.0,4.0,0.2,0.0,0.0
Charlie Tasker,,DEF,,,,0,0,0,,0,0,,,Brighton,0,0,0,0,0.0,0.0,0.0,4.0,0.1,0.0,0.0
Mitoma Kaoru,,MID,,,,442,1,1,,1,0,,,Brighton,18,1,0,0,86.2,94.3,84.0,6.4,4.7,4.0,3.6
Georginio Rutter,,MID,,,,237,0,2,,1,0,,,Brighton,13,1,0,0,46.0,47.3,46.0,5.8,0.5,1.8,3.2
Solly March,,MID,,,,0,0,0,,0,0,,,Brighton,0,0,0,0,0.0,0.0,0.0,5.8,0.0,0.0,0.0
Yankuba Minteh,,MID,,,,413,1,1,,0,0,,,Brighton,24,1,0,3,98.2,86.3,146.0,5.9,1.1,5.2,4.8
Julio Enciso Espínola,,MID,,,,0,0,0,,0,0,,,Brighton,0,0,0,0,0.0,0.0,0.0,5.4,0.0,0.0,0.0
Brajan Gruda,,MID,,,,126,1,0,,0,0,,,Brighton,13,0,0,2,42.4,23.2,48.0,5.4,0.1,3.0,2.6
Jack Hinshelwood,,MID,,,,107,0,0,,0,0,,,Brighton,4,0,0,0,9.4,2.0,0.0,5.3,0.0,1.0,1.3
Matt O'Riley,,MID,,,,177,1,0,,0,0,,,Brighton,12,1,0,2,60.8,66.6,63.0,5.5,0.6,0.5,6.0
Abdallah Sima,,MID,,,,0,0,0,,0,0,,,Brighton,0,0,0,0,0.0,0.0,0.0,5.4,0.0,0.0,0.0
Yasin Ayari,,MID,,,,362,1,0,,0,0,,,Brighton,16,0,0,2,74.8,46.0,42.0,4.9,0.2,3.2,3.2
Carlos Baleba,,MID,,,,241,0,0,,1,0,,,Brighton,6,1,0,0,11.0,26.7,2.0,4.9,2.7,0.8,1.2
Diego Gómez Amarilla,,MID,,,,149,0,0,,2,0,,,Brighton,3,0,0,0,25.4,28.2,11.0,5.0,0.1,0.8,0.8
James Milner,,MID,,,,124,1,0,,1,0,,,Brighton,9,0,0,0,48.8,16.8,17.0,5.0,0.1,2.0,2.2
Jeremy Sarmiento Morante,,MID,,,,0,0,0,,0,0,,,Brighton,0,0,0,0,0.0,0.0,0.0,4.9,0.0,0.0,0.0
Tom Watson,,MID,,,,0,0,0,,0,0,,,Brighton,0,0,0,0,0.0,0.0,0.0,4.9,0.0,0.0,0.0
Mats Wieffer,,MID,,,,179,0,0,,1,0,,,Brighton,8,0,0,0,47.0,6.0,21.0,4.9,0.1,1.0,2.7
Malick Yalcouyé,,MID,,,,0,0,0,,0,0,,,Brighton,0,0,0,0,0.0,0.0,0.0,5.0,0.0,0.0,0.0
Joe Knight,,MID,,,,0,0,0,,0,0,,,Brighton,0,0,0,0,0.0,0.0,0.0,4.5,0.1,0.0,0.0
Adrian Mazilu,,MID,,,,0,0,0,,0,0,,,Brighton,0,0,0,0,0.0,0.0,0.0,4.5,0.0,0.0,0.0
Andrew Moran,,MID,,,,0,0,0,,0,0,,,Brighton,0,0,0,0,0.0,0.0,0.0,4.5,0.0,0.0,0.0
Danny Welbeck,,FWD,,,,252,0,0,,0,0,,,Brighton,6,0,0,0,5.6,24.4,48.0,6.3,1.9,1.2,1.2
Evan Ferguson,,FWD,,,,0,0,0,,0,0,,,Brighton,0,0,0,0,0.0,0.0,0.0,5.5,0.0,0.0,0.0
Stefanos Tzimas,,FWD,,,,23,0,0,,0,0,,,Brighton,1,0,0,0,0.0,0.1,0.0,5.4,0.1,0.2,1.0
Charalampos Kostoulas,,FWD,,,,0,0,0,,0,0,,,Brighton,0,0,0,0,0.0,0.0,0.0,4.9,0.3,0.0,0.0
Facundo Buonanotte,,MID,,,,45,0,0,,0,0,,,Chelsea,1,0,0,0,5.6,25.1,8.0,4.8,0.1,0.2,1.0
Robert Lynch Sánchez,,GKP,,,,364,0,0,,0,1,,,Chelsea,16,2,12,1,81.4,0.0,0.0,5.0,19.6,1.7,3.2
Filip Jörgensen,,GKP,,,,84,0,0,,0,0,,,Chelsea,1,0,1,0,9.4,0.0,0.0,4.4,0.2,0.3,1.0
Mike Penders,,GKP,,,,0,0,0,,0,0,,,Chelsea,0,0,0,0,0.0,0.0,0.0,4.0,0.0,0.0,0.0
Gabriel Słonina,,GKP,,,,0,0,0,,0,0,,,Chelsea,0,0,0,0,0.0,0.0,0.0,4.0,0.1,0.0,0.0
Marc Cucurella Saseta,,DEF,,,,356,0,1,,1,0,,,Chelsea,20,2,0,2,84.2,80.6,40.0,6.2,26.2,2.3,4.0
Reece James,,DEF,,,,243,0,1,,1,0,,,Chelsea,12,1,0,0,57.0,98.5,13.0,5.4,4.4,2.0,2.4
Trevoh Chalobah,,DEF,,,,428,2,1,,1,0,,,Chelsea,38,2,0,2,180.4,34.3,76.0,5.1,9.7,8.0,7.6
Levi Samuels Colwill,,DEF,,,,0,0,0,,0,0,,,Chelsea,0,0,0,0,0.0,0.0,0.0,4.8,0.1,0.0,0.0
Malo Gusto,,DEF,,,,195,0,0,,0,0,,,Chelsea,10,1,0,0,23.4,21.3,9.0,4.9,1.4,2.3,2.5
Benoît Badiashile Mukinayi,,DEF,,,,0,0,0,,0,0,,,Chelsea,0,0,0,0,0.0,0.0,0.0,4.4,0.0,0.0,0.0
Wesley Fofana,,DEF,,,,129,0,0,,0,0,,,Chelsea,3,0,0,0,27.2,4.3,0.0,4.4,0.2,0.7,1.0
Mamadou Sarr,,DEF,,,,0,0,0,,0,0,,,Chelsea,0,0,0,0,0.0,0.0,0.0,4.5,0.0,0.0,0.0
Tosin Adarabioyo,,DEF,,,,353,0,0,,1,0,,,Chelsea,11,1,0,0,99.0,6.4,11.0,4.5,1.1,3.0,2.8
Josh Acheampong,,DEF,,,,90,0,0,,0,0,,,Chelsea,9,1,0,3,16.2,2.3,10.0,4.0,1.5,0.0,9.0
Aarón Anselmino,,DEF,,,,0,0,0,,0,0,,,Chelsea,0,0,0,0,0.0,0.0,0.0,4.0,0.1,0.0,0.0
Cole Palmer,,MID,,,,144,1,0,,0,0,,,Chelsea,11,1,0,1,44.4,19.2,65.0,10.4,20.0,2.7,3.7
Pedro Lomba Neto,,MID,,,,356,1,0,,0,0,,,Chelsea,16,2,0,0,71.6,123.6,64.0,7.0,4.7,2.0,3.2
Enzo Fernández,,MID,,,,438,2,2,,1,0,,,Chelsea,30,2,0,1,131.8,105.8,84.0,6.7,13.1,5.7,6.0
Estêvão Almeida de Oliveira Gonçalves,,MID,,,,184,0,1,,1,0,,,Chelsea,9,1,0,0,37.0,37.6,62.0,6.5,2.0,1.3,2.2
Jamie Bynoe-Gittens,,MID,,,,143,0,0,,0,0,,,Chelsea,4,0,0,0,12.2,40.0,32.0,6.2,0.1,0.7,1.0
Christopher Nkunku,,MID,,,,0,0,0,,0,0,,,Chelsea,0,0,0,0,0.0,0.0,0.0,5.9,0.1,0.0,0.0
Moisés Caicedo Corozo,,MID,,,,450,2,0,,1,0,,,Chelsea,33,2,0,4,179.0,48.5,33.0,5.6,10.8,6.7,6.6
Tyrique George,,MID,,,,137,0,0,,2,0,,,Chelsea,3,1,0,0,8.2,7.0,52.0,4.9,0.1,1.0,1.0
Roméo Lavia,,MID,,,,0,0,0,,0,0,,,Chelsea,0,0,0,0,0.0,0.0,0.0,4.9,0.0,0.0,0.0
Mykhailo Mudryk,,MID,,,,0,0,0,,0,0,,,Chelsea,0,0,0,0,0.0,0.0,0.0,5.0,0.0,0.0,0.0
Andrey Nascimento dos Santos,,MID,,,,117,0,0,,1,0,,,Chelsea,4,0,0,0,15.2,32.4,32.0,4.5,0.3,0.7,1.0
Dário Luís Essugo,,MID,,,,0,0,0,,0,0,,,Chelsea,0,0,0,0,0.0,0.0,0.0,4.4,0.0,0.0,0.0
Kendry Páez Andrade,,MID,,,,0,0,0,,0,0,,,Chelsea,0,0,0,0,0.0,0.0,0.0,4.5,0.0,0.0,0.0
João Pedro Junqueira de Jesus,,FWD,,,,420,2,3,,0,0,,,Chelsea,35,2,0,8,154.6,83.2,128.0,7.8,67.2,6.0,7.0
Liam Delap,,FWD,,,,91,0,0,,0,0,,,Chelsea,4,0,0,0,8.0,3.5,43.0,6.3,1.2,0.3,1.3
Nicolas Jackson,,FWD,,,,0,0,0,,0,0,,,Chelsea,0,0,0,0,0.0,0.0,0.0,6.5,0.1,0.0,0.0
Marc Guiu Paz,,FWD,,,,13,0,0,,0,0,,,Chelsea,2,0,0,0,1.0,1.6,6.0,4.3,9.3,0.3,1.0
Alejandro Garnacho Ferreyra,,MID,,,,11,0,0,,0,0,,,Chelsea,1,0,0,0,2.0,10.5,6.0,6.4,0.3,0.2,1.0
Jorrel Hato,,DEF,,,,66,0,0,,2,0,,,Chelsea,0,0,0,0,1.2,2.5,2.0,4.8,0.2,0.0,0.0
Dean Henderson,,GKP,,,,450,0,0,,1,0,,,Crystal Palace,22,3,8,0,81.2,10.0,0.0,5.0,8.0,4.0,4.4
Walter Benítez,,GKP,,,,0,0,0,,0,0,,,Crystal Palace,0,0,0,0,0.0,0.0,0.0,4.0,0.4,0.0,0.0
Remi Matthews,,GKP,,,,0,0,0,,0,0,,,Crystal Palace,0,0,0,0,0.0,0.0,0.0,4.0,0.1,0.0,0.0
Daniel Muñoz Mejía,,DEF,,,,450,0,1,,2,0,,,Crystal Palace,26,3,0,1,81.8,65.5,72.0,5.6,13.5,5.2,5.2
Maxence Lacroix,,DEF,,,,450,0,1,,1,0,,,Crystal Palace,30,3,0,2,118.8,15.6,34.0,5.1,4.2,5.5,6.0
Tyrick Mitchell,,DEF,,,,450,1,0,,2,0,,,Crystal Palace,30,3,0,2,134.2,107.3,37.0,5.0,1.9,5.2,6.0
Borna Sosa,,DEF,,,,0,0,0,,0,0,,,Crystal Palace,0,0,0,0,0.0,0.0,0.0,4.9,0.1,0.0,0.0
Marc Guéhi,,DEF,,,,450,1,1,,0,0,,,Crystal Palace,36,3,0,3,118.2,26.5,35.0,4.7,24.5,7.5,7.2
Chris Richards,,DEF,,,,450,0,0,,0,0,,,Crystal Palace,26,3,0,0,122.6,21.5,18.0,4.5,2.3,5.0,5.2
Chadi Riad Dnanou,,DEF,,,,0,0,0,,0,0,,,Crystal Palace,0,0,0,0,0.0,0.0,0.0,4.0,0.0,0.0,0.0
Nathaniel Clyne,,DEF,,,,4,0,0,,0,0,,,Crystal Palace,1,0,0,0,3.4,0.5,0.0,4.0,0.5,0.2,1.0
Rob Holding,,DEF,,,,0,0,0,,0,0,,,Crystal Palace,0,0,0,0,0.0,0.0,0.0,4.0,0.0,0.0,0.0
Caleb Kporha,,DEF,,,,0,0,0,,0,0,,,Crystal Palace,0,0,0,0,0.0,0.0,0.0,4.0,0.0,0.0,0.0
Ismaïla Sarr,,MID,,,,270,2,0,,1,0,,,Crystal Palace,18,2,0,1,83.4,20.6,57.0,6.4,2.6,3.8,6.0
Cheick Doucouré,,MID,,,,0,0,0,,0,0,,,Crystal Palace,0,0,0,0,0.0,0.0,0.0,4.9,0.0,0.0,0.0
Romain Esse,,MID,,,,24,0,0,,0,0,,,Crystal Palace,1,0,0,0,4.6,0.4,2.0,4.8,0.2,0.2,1.0
Will Hughes,,MID,,,,383,0,0,,3,0,,,Crystal Palace,10,3,0,0,50.8,73.6,14.0,4.9,0.1,2.0,2.0
Daichi Kamada,,MID,,,,265,0,1,,0,0,,,Crystal Palace,11,2,0,0,44.0,66.8,33.0,5.0,0.1,2.8,3.7
Jefferson Lerma Solís,,MID,,,,155,0,0,,1,0,,,Crystal Palace,6,1,0,0,18.2,18.7,40.0,4.9,0.1,1.2,1.2
Adam Wharton,,MID,,,,300,0,1,,0,0,,,Crystal Palace,13,1,0,2,37.2,91.4,2.0,5.0,0.4,2.5,3.2
Asher Agbinone,,MID,,,,0,0,0,,0,0,,,Crystal Palace,0,0,0,0,0.0,0.0,0.0,4.5,0.1,0.0,0.0
Naouirou Ahamada,,MID,,,,0,0,0,,0,0,,,Crystal Palace,0,0,0,0,0.0,0.0,0.0,4.5,0.0,0.0,0.0
Justin Devenny,,MID,,,,142,0,0,,0,0,,,Crystal Palace,6,0,0,0,15.0,31.3,36.0,4.5,1.4,1.2,1.2
Malcolm Ebiowei,,MID,,,,0,0,0,,0,0,,,Crystal Palace,0,0,0,0,0.0,0.0,0.0,4.5,0.0,0.0,0.0
Jesurun Rak-Sakyi,,MID,,,,0,0,0,,0,0,,,Crystal Palace,0,0,0,0,0.0,0.0,0.0,4.4,0.1,0.0,0.0
Matheus França de Oliveira,,MID,,,,0,0,0,,0,0,,,Crystal Palace,0,0,0,0,0.0,0.0,0.0,4.5,0.0,0.0,0.0
David Ozoh,,MID,,,,0,0,0,,0,0,,,Crystal Palace,0,0,0,0,0.0,0.0,0.0,4.5,0.0,0.0,0.0
Kaden Rodney,,MID,,,,0,0,0,,0,0,,,Crystal Palace,0,0,0,0,0.0,0.0,0.0,4.5,0.0,0.0,0.0
Franco Umeh-Chibueze,,MID,,,,0,0,0,,0,0,,,Crystal Palace,0,0,0,0,0.0,0.0,0.0,4.5,0.0,0.0,0.0
Jean-Philippe Mateta,,FWD,,,,441,2,0,,2,0,,,Crystal Palace,16,3,0,0,102.6,9.6,150.0,7.6,11.3,3.8,3.2
Eddie Nketiah,,FWD,,,,15,0,0,,0,0,,,Crystal Palace,1,0,0,0,3.4,10.4,7.0,5.4,0.2,0.2,1.0
Odsonne Édouard,,FWD,,,,2,0,0,,0,0,,,Crystal Palace,1,0,0,0,2.0,0.0,0.0,5.0,0.4,0.2,1.0
Zach Marsh,,FWD,,,,0,0,0,,0,0,,,Crystal Palace,0,0,0,0,0.0,0.0,0.0,4.5,0.3,0.0,0.0
Rio Cardines,,MID,,,,0,0,0,,0,0,,,Crystal Palace,0,0,0,0,0.0,0.0,0.0,4.5,0.2,0.0,0.0
Yéremy Pino Santos,,MID,,,,147,0,0,,0,0,,,Crystal Palace,5,1,0,0,8.8,41.0,23.0,6.0,0.2,1.7,1.7
Jaydee Canvot,,DEF,,,,0,0,0,,0,0,,,Crystal Palace,0,0,0,0,0.0,0.0,0.0,4.5,0.0,0.0,0.0
Christantus Uche,,FWD,,,,6,0,0,,0,0,,,Crystal Palace,1,0,0,0,3.4,0.8,19.0,5.5,0.0,0.5,1.0
Kiernan Dewsbury-Hall,,MID,,,,450,1,1,,4,0,,,Everton,19,2,0,3,92.6,183.6,45.0,5.0,4.9,4.2,3.8
Jordan Pickford,,GKP,,,,450,0,0,,0,0,,,Everton,25,2,10,3,108.0,0.0,0.0,5.5,11.4,5.8,5.0
Mark Travers,,GKP,,,,0,0,0,,0,0,,,Everton,0,0,0,0,0.0,0.0,0.0,4.5,0.1,0.0,0.0
Harry Tyrer,,GKP,,,,0,0,0,,0,0,,,Everton,0,0,0,0,0.0,0.0,0.0,4.0,0.1,0.0,0.0
Jarrad Branthwaite,,DEF,,,,0,0,0,,0,0,,,Everton,0,0,0,0,0.0,0.0,0.0,5.3,0.2,0.0,0.0
James Tarkowski,,DEF,,,,450,0,0,,0,0,,,Everton,26,2,0,0,131.2,21.3,17.0,5.5,7.3,5.5,5.2
Vitalii Mykolenko,,DEF,,,,175,0,0,,0,0,,,Everton,2,0,0,0,19.2,16.7,6.0,4.9,0.4,0.5,1.0
Jake O'Brien,,DEF,,,,450,0,0,,0,0,,,Everton,16,2,0,0,53.2,36.0,20.0,5.0,0.5,3.5,3.2
Séamus Coleman,,DEF,,,,1,0,0,,0,0,,,Everton,1,0,0,0,0.0,0.0,0.0,4.4,0.1,0.2,1.0
Michael Keane,,DEF,,,,450,0,0,,0,0,,,Everton,20,2,0,0,94.8,12.4,40.0,4.5,0.7,4.5,4.0
Nathan Patterson,,DEF,,,,0,0,0,,0,0,,,Everton,0,0,0,0,0.0,0.0,0.0,4.4,0.0,0.0,0.0
Roman Dixon,,DEF,,,,0,0,0,,0,0,,,Everton,0,0,0,0,0.0,0.0,0.0,4.0,0.2,0.0,0.0
Reece Welch,,DEF,,,,0,0,0,,0,0,,,Everton,0,0,0,0,0.0,0.0,0.0,3.9,0.1,0.0,0.0
Iliman Ndiaye,,MID,,,,418,2,1,,1,0,,,Everton,28,2,0,0,142.0,91.1,81.0,6.5,9.4,6.5,5.6
Dwight McNeil,,MID,,,,19,0,0,,0,0,,,Everton,1,0,0,0,0.0,11.3,8.0,5.7,0.2,0.2,1.0
Carlos Alcaraz Durán,,MID,,,,117,0,0,,1,0,,,Everton,4,0,0,0,14.6,4.8,21.0,5.3,0.1,0.8,1.0
Idrissa Gana Gueye,,MID,,,,435,1,0,,0,0,,,Everton,20,2,0,1,82.0,47.9,58.0,5.4,0.1,4.5,4.0
James Garner,,MID,,,,450,1,0,,1,0,,,Everton,25,2,0,3,129.8,93.0,15.0,5.0,0.6,5.8,5.0
Tim Iroegbunam,,MID,,,,219,0,0,,3,0,,,Everton,7,3,0,0,32.4,5.1,5.0,4.9,0.0,1.2,1.8
Harrison Armstrong,,MID,,,,1,0,0,,0,0,,,Everton,1,0,0,0,0.0,0.0,0.0,4.5,0.1,0.2,1.0
Callum Bates,,MID,,,,0,0,0,,0,0,,,Everton,0,0,0,0,0.0,0.0,0.0,4.5,0.1,0.0,0.0
Coby Ebere,,MID,,,,0,0,0,,0,0,,,Everton,0,0,0,0,0.0,0.0,0.0,4.5,0.0,0.0,0.0
Isaac Heath,,MID,,,,0,0,0,,0,0,,,Everton,0,0,0,0,0.0,0.0,0.0,4.5,0.0,0.0,0.0
Jenson Metcalfe,,MID,,,,0,0,0,,0,0,,,Everton,0,0,0,0,0.0,0.0,0.0,4.5,0.0,0.0,0.0
Thierno Barry,,FWD,,,,141,0,0,,0,0,,,Everton,6,1,0,0,6.6,8.6,29.0,5.8,0.4,1.2,1.2
Norberto Bercique Gomes Betuncal,,FWD,,,,310,1,0,,1,0,,,Everton,12,1,0,1,42.4,18.4,91.0,5.4,5.0,2.5,2.4
Youssef Ramalho Chermiti,,FWD,,,,0,0,0,,0,0,,,Everton,0,0,0,0,0.0,0.0,0.0,4.9,0.1,0.0,0.0
Martin Sherif,,FWD,,,,0,0,0,,0,0,,,Everton,0,0,0,0,0.0,0.0,0.0,4.4,0.2,0.0,0.0
Jack Grealish,,MID,,,,376,0,4,,2,0,,,Everton,25,2,0,4,148.6,178.0,121.0,6.8,22.6,6.0,5.0
Tom King,,GKP,,,,0,0,0,,0,0,,,Everton,0,0,0,0,0.0,0.0,0.0,4.0,1.3,0.0,0.0
Adam Aznou,,DEF,,,,0,0,0,,0,0,,,Everton,0,0,0,0,0.0,0.0,0.0,4.4,0.1,0.0,0.0
Tyler Onyango,,MID,,,,0,0,0,,0,0,,,Everton,0,0,0,0,0.0,0.0,0.0,4.5,0.1,0.0,0.0
Elijah Campbell,,DEF,,,,0,0,0,,0,0,,,Everton,0,0,0,0,0.0,0.0,0.0,4.0,0.2,0.0,0.0
Tyler Dibling,,MID,,,,4,0,0,,0,0,,,Everton,1,0,0,0,0.0,0.5,0.0,5.5,0.0,0.3,1.0
Merlin Röhl,,MID,,,,24,0,0,,0,0,,,Everton,1,0,0,0,3.0,10.7,1.0,5.0,0.0,0.5,1.0
Bernd Leno,,GKP,,,,450,0,0,,1,0,,,Fulham,17,1,15,1,119.4,0.0,0.0,5.0,1.6,3.5,3.4
Steven Benda,,GKP,,,,0,0,0,,0,0,,,Fulham,0,0,0,0,0.0,0.0,0.0,4.0,0.0,0.0,0.0
Antonee Robinson,,DEF,,,,51,0,0,,0,0,,,Fulham,2,0,0,0,11.8,21.5,4.0,5.0,0.8,0.5,1.0
Joachim Andersen,,DEF,,,,450,0,0,,0,0,,,Fulham,23,1,0,2,123.2,27.4,29.0,4.5,3.8,5.2,4.6
Calvin Bassey,,DEF,,,,450,0,0,,1,0,,,Fulham,17,1,0,3,80.8,7.5,9.0,4.5,0.6,4.0,3.4
Timothy Castagne,,DEF,,,,126,0,0,,0,0,,,Fulham,3,0,0,0,14.8,19.1,28.0,4.4,0.1,0.5,1.0
Issa Diop,,DEF,,,,0,0,0,,0,0,,,Fulham,0,0,0,0,0.0,0.0,0.0,4.4,0.1,0.0,0.0
Jorge Cuenca Barreno,,DEF,,,,87,0,0,,0,0,,,Fulham,3,0,0,0,14.6,1.2,4.0,4.4,0.0,0.2,1.5
Kenny Tete,,DEF,,,,450,0,0,,0,0,,,Fulham,15,1,0,0,86.8,40.5,14.0,4.5,0.2,3.2,3.0
Samuel Amissah,,DEF,,,,0,0,0,,0,0,,,Fulham,0,0,0,0,0.0,0.0,0.0,3.9,0.1,0.0,0.0
Alex Iwobi,,MID,,,,392,1,2,,1,0,,,Fulham,26,1,0,5,100.6,113.8,38.0,6.5,1.6,6.0,5.2
Emile Smith Rowe,,MID,,,,95,1,0,,0,0,,,Fulham,10,0,0,0,40.0,23.0,40.0,5.9,0.7,2.2,2.0
Adama Traoré Diarra,,MID,,,,60,0,0,,0,0,,,Fulham,3,0,0,0,4.2,16.1,12.0,5.3,0.2,0.5,1.0
Andreas Hoelgebaum Pereira,,MID,,,,0,0,0,,0,0,,,Fulham,0,0,0,0,0.0,0.0,0.0,5.3,0.1,0.0,0.0
Ryan Sessegnon,,MID,,,,307,0,1,,0,0,,,Fulham,12,1,0,0,59.6,45.2,39.0,5.4,0.0,3.0,3.0
Harry Wilson,,MID,,,,292,1,1,,0,0,,,Fulham,17,0,0,2,63.2,51.4,65.0,5.4,0.4,3.0,3.4
Sander Berge,,MID,,,,418,0,0,,1,0,,,Fulham,12,1,0,0,55.2,37.9,13.0,5.0,0.1,2.5,2.4
Tom Cairney,,MID,,,,34,0,0,,1,0,,,Fulham,2,0,0,0,0.4,1.3,0.0,4.9,0.0,0.5,0.7
Saša Lukić,,MID,,,,445,0,1,,3,0,,,Fulham,13,1,0,0,50.0,160.3,22.0,5.0,0.1,2.8,2.6
Martial Godo,,MID,,,,0,0,0,,0,0,,,Fulham,0,0,0,0,0.0,0.0,0.0,4.5,0.0,0.0,0.0
Luke Harris,,MID,,,,0,0,0,,0,0,,,Fulham,0,0,0,0,0.0,0.0,0.0,4.5,0.0,0.0,0.0
Josh King,,MID,,,,337,0,0,,1,0,,,Fulham,8,0,0,0,28.4,32.2,69.0,4.5,3.7,1.5,1.6
Harrison Reed,,MID,,,,0,0,0,,0,0,,,Fulham,0,0,0,0,0.0,0.0,0.0,4.4,0.3,0.0,0.0
Raúl Jiménez Rodríguez,,FWD,,,,131,0,0,,0,0,,,Fulham,6,0,0,0,5.2,7.9,20.0,6.3,1.1,1.0,1.2
Rodrigo Muniz Carvalho,,FWD,,,,314,1,1,,1,0,,,Fulham,15,1,0,3,58.8,41.7,103.0,5.5,2.5,2.0,3.0
Benjamin Lecomte,,GKP,,,,0,0,0,,0,0,,,Fulham,0,0,0,0,0.0,0.0,0.0,4.0,0.7,0.0,0.0
Samuel Chukwueze,,MID,,,,0,0,0,,0,0,,,Fulham,0,0,0,0,0.0,0.0,0.0,5.5,0.0,0.0,0.0
Kevin Santos Lopes de Macedo,,MID,,,,37,0,0,,1,0,,,Fulham,1,0,0,0,13.6,19.8,7.0,6.0,0.1,0.5,0.5
Jonah Kusi-Asare,,FWD,,,,0,0,0,,0,0,,,Fulham,0,0,0,0,0.0,0.0,0.0,4.5,0.0,0.0,0.0
Illan Meslier,,GKP,,,,0,0,0,,0,0,,,Leeds,0,0,0,0,0.0,0.0,0.0,4.4,0.5,0.0,0.0
Alex Cairns,,GKP,,,,0,0,0,,0,0,,,Leeds,0,0,0,0,0.0,0.0,0.0,4.0,0.2,0.0,0.0
Karl Darlow,,GKP,,,,180,0,0,,0,0,,,Leeds,6,0,8,0,58.6,0.0,0.0,4.0,2.4,2.0,3.0
Jayden Bogle,,DEF,,,,434,0,1,,2,0,,,Leeds,17,2,0,0,53.4,16.9,29.0,4.5,0.2,4.0,3.4
Pascal Struijk,,DEF,,,,450,0,0,,0,0,,,Leeds,20,2,0,2,98.6,14.3,26.0,4.5,0.4,4.0,4.0
Jaka Bijol,,DEF,,,,0,0,0,,0,0,,,Leeds,0,0,0,0,0.0,0.0,0.0,4.0,0.1,0.0,0.0
Sebastiaan Bornauw,,DEF,,,,0,0,0,,0,0,,,Leeds,0,0,0,0,0.0,0.0,0.0,3.9,0.1,0.0,0.0
Sam Byram,,DEF,,,,7,0,0,,0,0,,,Leeds,1,0,0,0,0.0,0.0,0.0,3.9,0.2,0.0,1.0
Gabriel Gudmundsson,,DEF,,,,439,0,0,,1,0,,,Leeds,21,2,0,6,83.6,74.1,27.0,4.0,5.3,4.3,4.2
Joe Rodon,,DEF,,,,450,0,0,,0,0,,,Leeds,22,2,0,2,97.8,2.8,4.0,4.0,4.0,4.3,4.4
Isaac Schmidt,,DEF,,,,0,0,0,,0,0,,,Leeds,0,0,0,0,0.0,0.0,0.0,4.0,0.1,0.0,0.0
Brenden Aaronson,,MID,,,,243,0,0,,0,0,,,Leeds,10,1,0,0,38.6,45.1,30.0,5.4,0.1,2.7,2.0
Wilfried Gnonto,,MID,,,,191,0,0,,1,0,,,Leeds,6,1,0,0,15.8,21.4,16.0,5.3,0.2,0.3,1.5
Jack Harrison,,MID,,,,84,0,0,,0,0,,,Leeds,4,0,0,0,10.6,7.6,4.0,5.3,0.1,1.0,1.0
Daniel James,,MID,,,,212,0,0,,0,0,,,Leeds,7,1,0,0,11.8,31.1,29.0,5.3,0.2,0.7,1.8
Ethan Ampadu,,MID,,,,257,0,0,,0,0,,,Leeds,11,1,0,0,41.6,12.4,3.0,4.9,0.1,2.7,3.7
Sam Greenwood,,MID,,,,0,0,0,,0,0,,,Leeds,0,0,0,0,0.0,0.0,0.0,4.9,0.1,0.0,0.0
Ilia Gruev,,MID,,,,193,0,0,,0,0,,,Leeds,7,1,0,0,24.6,8.6,2.0,4.9,0.0,1.3,1.8
Largie Ramazani,,MID,,,,0,0,0,,0,0,,,Leeds,0,0,0,0,0.0,0.0,0.0,4.9,0.0,0.0,0.0
Tanaka Ao,,MID,,,,154,0,0,,0,0,,,Leeds,5,1,0,0,4.2,27.6,9.0,4.9,0.1,0.3,1.7
Charlie Crew,,MID,,,,0,0,0,,0,0,,,Leeds,0,0,0,0,0.0,0.0,0.0,4.5,0.0,0.0,0.0
Joe Gelhardt,,MID,,,,0,0,0,,0,0,,,Leeds,0,0,0,0,0.0,0.0,0.0,4.5,0.0,0.0,0.0
Darko Gyabi,,MID,,,,0,0,0,,0,0,,,Leeds,0,0,0,0,0.0,0.0,0.0,4.5,0.0,0.0,0.0
Joël Piroe,,FWD,,,,134,0,0,,0,0,,,Leeds,3,1,0,0,2.0,6.9,44.0,5.3,0.7,0.0,1.5
Patrick Bamford,,FWD,,,,0,0,0,,0,0,,,Leeds,0,0,0,0,0.0,0.0,0.0,4.9,0.7,0.0,0.0
Mateo Joseph Fernández-Regatillo,,FWD,,,,0,0,0,,0,0,,,Leeds,0,0,0,0,0.0,0.0,0.0,5.0,0.0,0.0,0.0
Lukas Nmecha,,FWD,,,,135,1,0,,0,0,,,Leeds,10,1,0,0,45.6,8.1,33.0,5.0,0.8,1.3,2.0
Sean Longstaff,,MID,,,,295,0,0,,0,0,,,Leeds,11,1,0,0,42.6,19.0,12.0,4.9,0.2,3.0,2.2
Anton Stach,,MID,,,,450,1,2,,1,0,,,Leeds,29,2,0,3,111.6,167.1,59.0,5.0,1.1,6.3,5.8
Lucas Estella Perri,,GKP,,,,270,0,0,,0,0,,,Leeds,12,2,3,0,29.2,0.0,0.0,4.5,0.3,2.0,4.0
Dominic Calvert-Lewin,,FWD,,,,178,1,1,,0,0,,,Leeds,14,1,0,2,41.8,32.2,60.0,5.5,0.4,4.7,4.7
Noah Okafor,,MID,,,,160,1,0,,1,0,,,Leeds,11,1,0,1,47.4,20.4,40.0,5.5,0.0,3.3,3.7
James Justin,,DEF,,,,17,0,0,,0,0,,,Leeds,2,0,0,0,4.0,0.0,0.0,4.0,0.2,0.7,1.0
Harry Gray,,FWD,,,,0,0,0,,0,0,,,Leeds,0,0,0,0,0.0,0.0,0.0,4.5,0.0,0.0,0.0
Alisson Becker,,GKP,,,,450,0,0,,0,0,,,Liverpool,18,2,4,2,60.6,0.1,0.0,5.5,10.8,4.2,3.6
Giorgi Mamardashvili,,GKP,,,,0,0,0,,0,0,,,Liverpool,0,0,0,0,0.0,0.0,0.0,4.3,0.3,0.0,0.0
Ármin Pécsi,,GKP,,,,0,0,0,,0,0,,,Liverpool,0,0,0,0,0.0,0.0,0.0,3.9,0.1,0.0,0.0
Freddie Woodman,,GKP,,,,0,0,0,,0,0,,,Liverpool,0,0,0,0,0.0,0.0,0.0,4.0,0.1,0.0,0.0
Jeremie Frimpong,,DEF,,,,62,0,1,,0,0,,,Liverpool,5,0,0,0,8.4,1.9,21.0,5.9,8.6,1.0,2.5
Milos Kerkez,,DEF,,,,366,0,0,,2,0,,,Liverpool,11,1,0,0,72.2,38.5,12.0,5.9,5.2,2.8,2.2
Andrew Robertson,,DEF,,,,82,0,0,,0,0,,,Liverpool,1,0,0,0,30.0,72.1,25.0,5.9,1.1,0.2,0.5
Virgil van Dijk,,DEF,,,,450,0,0,,0,0,,,Liverpool,26,2,0,4,166.6,22.4,29.0,6.1,29.8,5.8,5.2
Ibrahima Konaté,,DEF,,,,434,0,0,,1,0,,,Liverpool,20,2,0,3,99.0,29.8,14.0,5.5,3.4,4.8,4.0
Conor Bradley,,DEF,,,,145,0,0,,2,0,,,Liverpool,2,0,0,0,17.2,13.5,18.0,5.0,0.1,0.5,0.7
Joe Gomez,,DEF,,,,29,0,0,,0,0,,,Liverpool,2,0,0,0,14.6,0.5,0.0,5.0,0.1,0.2,1.0
Konstantinos Tsimikas,,DEF,,,,0,0,0,,0,0,,,Liverpool,0,0,0,0,0.0,0.0,0.0,4.8,0.1,0.0,0.0
Amara Nallo,,DEF,,,,0,0,0,,0,0,,,Liverpool,0,0,0,0,0.0,0.0,0.0,3.9,0.2,0.0,0.0
Rhys Williams,,DEF,,,,0,0,0,,0,0,,,Liverpool,0,0,0,0,0.0,0.0,0.0,3.9,0.2,0.0,0.0
Calvin Ramsay,,DEF,,,,0,0,0,,0,0,,,Liverpool,0,0,0,0,0.0,0.0,0.0,3.9,0.2,0.0,0.0
Mohamed Salah,,MID,,,,450,2,2,,0,0,,,Liverpool,30,2,0,2,127.0,106.2,128.0,14.5,51.6,5.5,6.0
Florian Wirtz,,MID,,,,363,0,0,,1,0,,,Liverpool,10,2,0,0,39.2,138.1,80.0,8.3,14.3,2.0,2.0
Luis Díaz Marulanda,,MID,,,,0,0,0,,0,0,,,Liverpool,0,0,0,0,0.0,0.0,0.0,8.0,0.1,0.0,0.0
Cody Gakpo,,MID,,,,420,1,2,,0,0,,,Liverpool,25,2,0,2,112.4,137.4,118.0,7.7,17.0,4.5,5.0
Federico Chiesa,,MID,,,,47,1,0,,0,0,,,Liverpool,9,0,0,0,36.6,1.3,27.0,6.4,0.3,0.8,2.2
Alexis Mac Allister,,MID,,,,236,0,1,,0,0,,,Liverpool,11,1,0,0,41.6,45.2,21.0,6.4,1.4,1.5,2.8
Dominik Szoboszlai,,MID,,,,450,1,0,,1,0,,,Liverpool,21,2,0,3,103.6,83.5,69.0,6.5,3.9,4.8,4.2
Curtis Jones,,MID,,,,166,0,1,,0,0,,,Liverpool,8,0,0,0,30.4,35.0,0.0,5.4,0.1,1.8,2.0
Ryan Gravenberch,,MID,,,,360,2,1,,2,0,,,Liverpool,27,2,0,4,135.4,91.9,37.0,5.5,2.3,6.8,6.8
Endo Wataru,,MID,,,,32,0,1,,1,0,,,Liverpool,5,0,0,0,24.6,10.7,0.0,4.9,0.1,0.2,1.7
Stefan Bajčetić Maquieira,,MID,,,,0,0,0,,0,0,,,Liverpool,0,0,0,0,0.0,0.0,0.0,4.4,0.1,0.0,0.0
James McConnell,,MID,,,,0,0,0,,0,0,,,Liverpool,0,0,0,0,0.0,0.0,0.0,4.4,0.0,0.0,0.0
Tyler Morton,,MID,,,,0,0,0,,0,0,,,Liverpool,0,0,0,0,0.0,0.0,0.0,4.5,0.0,0.0,0.0
Trey Nyoni,,MID,,,,0,0,0,,0,0,,,Liverpool,0,0,0,0,0.0,0.0,0.0,4.4,0.2,0.0,0.0
Darwin Núñez Ribeiro,,FWD,,,,0,0,0,,0,0,,,Liverpool,0,0,0,0,0.0,0.0,0.0,6.5,0.1,0.0,0.0
Jayden Danns,,FWD,,,,0,0,0,,0,0,,,Liverpool,0,0,0,0,0.0,0.0,0.0,4.4,0.1,0.0,0.0
Alexander Isak,,FWD,,,,23,0,0,,0,0,,,Liverpool,1,0,0,0,2.4,0.3,4.0,10.5,9.6,0.2,1.0
Hugo Ekitiké,,FWD,,,,365,3,1,,0,0,,,Liverpool,32,2,0,7,147.8,51.8,95.0,8.7,28.0,5.2,6.4
Rio Ngumoha,,MID,,,,4,1,0,,0,0,,,Liverpool,7,0,0,0,36.2,11.4,23.0,4.5,0.6,1.8,3.5
Giovanni Leoni,,DEF,,,,0,0,0,,0,0,,,Liverpool,0,0,0,0,0.0,0.0,0.0,5.0,0.0,0.0,0.0
James Trafford,,GKP,,,,270,0,0,,0,0,,,Man City,11,1,11,0,100.2,0.0,0.0,4.9,1.6,0.7,3.7
Ederson Santana de Moraes,,GKP,,,,0,0,0,,0,0,,,Man City,0,0,0,0,0.0,0.0,0.0,5.3,1.2,0.0,0.0
Stefan Ortega Moreno,,GKP,,,,0,0,0,,0,0,,,Man City,0,0,0,0,0.0,0.0,0.0,4.9,0.2,0.0,0.0
Marcus Bettinelli,,GKP,,,,0,0,0,,0,0,,,Man City,0,0,0,0,0.0,0.0,0.0,4.0,0.1,0.0,0.0
Rayan Aït-Nouri,,DEF,,,,202,0,0,,1,0,,,Man City,10,1,0,1,43.0,26.7,7.0,5.9,8.7,0.0,3.3
Joško Gvardiol,,DEF,,,,180,0,0,,0,0,,,Man City,10,1,0,0,39.2,1.5,0.0,5.8,3.8,3.3,5.0
Manuel Akanji,,DEF,,,,0,0,0,,0,0,,,Man City,0,0,0,0,0.0,0.0,0.0,5.4,0.4,0.0,0.0
Nathan Aké,,DEF,,,,91,0,0,,0,0,,,Man City,3,0,0,0,18.2,10.3,5.0,5.4,0.7,0.7,1.0
Abdukodir Khusanov,,DEF,,,,227,0,0,,1,0,,,Man City,11,1,0,0,42.4,5.2,0.0,5.4,0.5,3.3,2.8
Matheus Nunes,,DEF,,,,153,0,0,,0,0,,,Man City,4,0,0,0,26.0,7.3,0.0,5.3,0.3,1.0,1.3
Rúben dos Santos Gato Alves Dias,,DEF,,,,365,0,0,,0,0,,,Man City,16,2,0,0,68.4,5.0,2.0,5.5,4.1,3.0,3.2
John Stones,,DEF,,,,264,0,0,,0,0,,,Man City,9,1,0,0,53.8,5.8,2.0,5.5,0.8,0.7,2.2
Rico Lewis,,DEF,,,,160,0,1,,0,0,,,Man City,13,1,0,2,46.4,28.2,13.0,5.0,2.6,0.3,4.3
Nico O'Reilly,,DEF,,,,218,0,0,,1,0,,,Man City,13,2,0,0,42.8,9.0,3.0,4.9,0.3,4.3,3.2
Vitor de Oliveira Nunes dos Reis,,DEF,,,,0,0,0,,0,0,,,Man City,0,0,0,0,0.0,0.0,0.0,5.0,0.0,0.0,0.0
Omar Marmoush,,MID,,,,148,0,1,,0,0,,,Man City,9,0,0,2,38.2,36.1,58.0,8.3,3.4,2.3,3.0
Phil Foden,,MID,,,,172,1,0,,0,0,,,Man City,16,2,0,2,52.2,32.6,35.0,8.0,3.4,5.0,5.3
Sávio Moreira de Oliveira,,MID,,,,16,0,0,,0,0,,,Man City,2,0,0,0,5.2,1.3,33.0,6.9,0.4,0.7,1.0
Bernardo Mota Veiga de Carvalho e Silva,,MID,,,,349,0,1,,1,0,,,Man City,13,2,0,0,61.2,116.2,20.0,6.4,0.6,3.0,2.6
Rayan Cherki,,MID,,,,70,1,0,,0,0,,,Man City,7,0,0,0,50.2,28.3,15.0,6.3,2.6,0.0,3.5
Jérémy Doku,,MID,,,,281,0,2,,0,0,,,Man City,18,3,0,1,61.4,112.4,35.0,6.4,2.7,4.7,3.6
İlkay Gündoğan,,MID,,,,0,0,0,,0,0,,,Man City,0,0,0,0,0.0,0.0,0.0,6.3,0.1,0.0,0.0
Rodrigo 'Rodri' Hernandez Cascante,,MID,,,,270,0,0,,0,0,,,Man City,10,1,0,0,47.4,37.8,19.0,6.4,0.7,3.0,2.5
Mateo Kovačić,,MID,,,,0,0,0,,0,0,,,Man City,0,0,0,0,0.0,0.0,0.0,5.9,0.0,0.0,0.0
Nico González Iglesias,,MID,,,,192,0,0,,1,0,,,Man City,6,1,0,0,46.2,12.9,6.0,6.0,0.1,0.7,1.5
Oscar Bobb,,MID,,,,257,0,1,,0,0,,,Man City,11,1,0,0,42.6,76.8,42.0,5.5,0.4,1.0,2.8
Claudio Echeverri,,MID,,,,0,0,0,,0,0,,,Man City,0,0,0,0,0.0,0.0,0.0,5.4,0.0,0.0,0.0
Tijjani Reijnders,,MID,,,,450,1,2,,1,0,,,Man City,26,2,0,2,106.2,102.2,75.0,5.6,31.3,4.7,5.2
Sverre Nypan,,MID,,,,0,0,0,,0,0,,,Man City,0,0,0,0,0.0,0.0,0.0,5.0,0.0,0.0,0.0
Kalvin Phillips,,MID,,,,0,0,0,,0,0,,,Man City,0,0,0,0,0.0,0.0,0.0,4.9,0.1,0.0,0.0
Erling Haaland,,FWD,,,,413,6,0,,0,0,,,Man City,46,3,0,12,204.0,30.9,286.0,14.3,42.4,10.3,9.2
Gianluigi Donnarumma,,GKP,,,,180,0,0,,1,0,,,Man City,7,1,4,0,30.0,0.0,0.0,5.6,5.3,3.5,3.5
Divine Mukasa,,MID,,,,0,0,0,,0,0,,,Man City,0,0,0,0,0.0,0.0,0.0,4.5,0.0,0.0,0.0
Stephen Mfuni,,DEF,,,,0,0,0,,0,0,,,Man City,0,0,0,0,0.0,0.0,0.0,4.0,0.0,0.0,0.0
Bryan Mbeumo,,MID,,,,429,1,0,,0,0,,,Man Utd,19,1,0,3,70.0,170.1,170.0,8.1,15.2,4.2,3.8
Altay Bayındır,,GKP,,,,450,0,0,,0,0,,,Man Utd,9,0,8,0,74.0,10.0,0.0,5.0,0.4,1.8,1.8
André Onana,,GKP,,,,0,0,0,,0,0,,,Man Utd,0,0,0,0,0.0,0.0,0.0,4.9,0.2,0.0,0.0
Elyh Harrison,,GKP,,,,0,0,0,,0,0,,,Man Utd,0,0,0,0,0.0,0.0,0.0,4.0,0.0,0.0,0.0
Tom Heaton,,GKP,,,,0,0,0,,0,0,,,Man Utd,0,0,0,0,0.0,0.0,0.0,4.0,0.3,0.0,0.0
Dermot Mee,,GKP,,,,0,0,0,,0,0,,,Man Utd,0,0,0,0,0.0,0.0,0.0,4.0,0.1,0.0,0.0
Matthijs de Ligt,,DEF,,,,450,0,0,,0,0,,,Man Utd,15,0,0,3,114.4,40.5,31.0,5.0,2.7,2.8,3.0
Lisandro Martínez,,DEF,,,,0,0,0,,0,0,,,Man Utd,0,0,0,0,0.0,0.0,0.0,4.9,0.1,0.0,0.0
Noussair Mazraoui,,DEF,,,,130,0,0,,0,0,,,Man Utd,9,1,0,1,31.2,14.2,4.0,4.9,0.2,2.2,3.0
Diego León Blanco,,DEF,,,,0,0,0,,0,0,,,Man Utd,0,0,0,0,0.0,0.0,0.0,4.3,0.1,0.0,0.0
Diogo Dalot Teixeira,,DEF,,,,182,0,1,,0,0,,,Man Utd,6,0,0,0,43.6,52.0,18.0,4.4,1.0,1.2,2.0
Patrick Dorgu,,DEF,,,,360,0,1,,1,0,,,Man Utd,9,0,0,0,70.2,83.0,52.0,4.5,5.4,2.0,2.2
Harry Maguire,,DEF,,,,110,0,1,,0,0,,,Man Utd,14,1,0,2,24.6,11.6,10.0,4.4,0.7,3.2,3.5
Luke Shaw,,DEF,,,,435,0,0,,0,0,,,Man Utd,8,0,0,0,56.6,25.0,5.0,4.5,0.3,1.5,1.6
Leny Yoro,,DEF,,,,341,0,1,,0,0,,,Man Utd,13,0,0,1,41.6,19.3,15.0,4.5,2.2,2.2,2.6
Harry Amass,,DEF,,,,0,0,0,,0,0,,,Man Utd,0,0,0,0,0.0,0.0,0.0,4.0,0.1,0.0,0.0
Tyler Fredricson,,DEF,,,,0,0,0,,0,0,,,Man Utd,0,0,0,0,0.0,0.0,0.0,3.9,0.1,0.0,0.0
Ayden Heaven,,DEF,,,,3,0,0,,0,0,,,Man Utd,1,0,0,0,2.0,0.0,0.0,3.9,1.2,0.2,1.0
Tyrell Malacia,,DEF,,,,0,0,0,,0,0,,,Man Utd,0,0,0,0,0.0,0.0,0.0,3.9,0.4,0.0,0.0
Bruno Borges Fernandes,,MID,,,,446,2,0,,1,0,,,Man Utd,26,0,0,5,164.0,219.8,96.0,9.0,19.1,6.0,5.2
Matheus Santos Carneiro da Cunha,,MID,,,,236,0,0,,0,0,,,Man Utd,6,0,0,0,37.4,47.6,83.0,8.0,4.4,1.0,1.5
Marcus Rashford,,MID,,,,0,0,0,,0,0,,,Man Utd,0,0,0,0,0.0,0.0,0.0,7.0,0.0,0.0,0.0
Amad Diallo,,MID,,,,356,0,1,,0,0,,,Man Utd,11,0,0,0,59.8,77.9,95.0,6.3,1.6,2.5,2.2
Antony dos Santos,,MID,,,,0,0,0,,0,0,,,Man Utd,0,0,0,0,0.0,0.0,0.0,5.9,0.1,0.0,0.0
Mason Mount,,MID,,,,198,0,0,,0,0,,,Man Utd,7,1,0,0,19.0,69.0,31.0,5.9,0.2,1.2,1.8
Carlos Henrique Casimiro,,MID,,,,246,1,1,,1,1,,,Man Utd,11,0,0,0,53.6,33.6,50.0,5.5,0.2,2.2,2.2
Kobbie Mainoo,,MID,,,,76,0,0,,0,0,,,Man Utd,3,0,0,0,16.0,39.5,3.0,4.9,0.5,0.8,1.0
Manuel Ugarte Ribeiro,,MID,,,,170,0,0,,0,0,,,Man Utd,7,0,0,0,27.8,21.5,2.0,4.9,0.1,1.5,1.8
Toby Collyer,,MID,,,,0,0,0,,0,0,,,Man Utd,0,0,0,0,0.0,0.0,0.0,4.5,0.0,0.0,0.0
Jayce Fitzgerald,,MID,,,,0,0,0,,0,0,,,Man Utd,0,0,0,0,0.0,0.0,0.0,4.4,0.0,0.0,0.0
Jack Fletcher,,MID,,,,0,0,0,,0,0,,,Man Utd,0,0,0,0,0.0,0.0,0.0,4.4,0.1,0.0,0.0
Sékou Koné,,MID,,,,0,0,0,,0,0,,,Man Utd,0,0,0,0,0.0,0.0,0.0,4.4,0.1,0.0,0.0
Jack Moorhouse,,MID,,,,0,0,0,,0,0,,,Man Utd,0,0,0,0,0.0,0.0,0.0,4.5,0.0,0.0,0.0
Rasmus Højlund,,FWD,,,,0,0,0,,0,0,,,Man Utd,0,0,0,0,0.0,0.0,0.0,6.3,0.3,0.0,0.0
Joshua Zirkzee,,FWD,,,,69,0,0,,0,0,,,Man Utd,2,0,0,0,8.4,15.7,54.0,5.9,0.4,0.5,1.0
Chido Obi,,FWD,,,,0,0,0,,0,0,,,Man Utd,0,0,0,0,0.0,0.0,0.0,4.4,1.4,0.0,0.0
Ethan Wheatley,,FWD,,,,0,0,0,,0,0,,,Man Utd,0,0,0,0,0.0,0.0,0.0,4.5,0.1,0.0,0.0
Benjamin Sesko,,FWD,,,,204,0,0,,0,0,,,Man Utd,6,0,0,0,1.6,32.0,31.0,7.3,4.6,1.2,1.2
Senne Lammens,,GKP,,,,0,0,0,,0,0,,,Man Utd,0,0,0,0,0.0,0.0,0.0,5.0,0.1,0.0,0.0
Jacob Ramsey,,MID,,,,59,0,0,,0,0,,,Newcastle,2,0,0,0,13.4,41.8,7.0,5.4,0.3,0.5,1.0
Yoane Wissa,,FWD,,,,0,0,0,,0,0,,,Newcastle,0,0,0,0,0.0,0.0,0.0,7.4,0.8,0.0,0.0
Nick Pope,,GKP,,,,450,0,1,,1,0,,,Newcastle,32,4,10,3,88.4,0.0,0.0,5.0,6.3,5.8,6.4
Mark Gillespie,,GKP,,,,0,0,0,,0,0,,,Newcastle,0,0,0,0,0.0,0.0,0.0,4.0,0.1,0.0,0.0
Odysseas Vlachodimos,,GKP,,,,0,0,0,,0,0,,,Newcastle,0,0,0,0,0.0,0.0,0.0,4.0,0.0,0.0,0.0
Lewis Hall,,DEF,,,,133,0,0,,0,0,,,Newcastle,9,1,0,1,27.4,4.0,7.0,5.4,1.3,2.2,3.0
Fabian Schär,,DEF,,,,350,0,0,,0,0,,,Newcastle,23,3,0,0,80.0,25.0,15.0,5.5,2.5,3.8,5.8
Sven Botman,,DEF,,,,158,0,0,,0,0,,,Newcastle,17,2,0,4,44.6,0.6,0.0,4.9,0.5,4.2,5.7
Dan Burn,,DEF,,,,450,0,0,,1,0,,,Newcastle,32,4,0,2,92.2,18.5,25.0,5.0,5.8,5.8,6.4
Tino Livramento,,DEF,,,,450,0,1,,0,0,,,Newcastle,31,4,0,3,68.2,55.2,16.0,5.1,9.6,5.5,6.2
Kieran Trippier,,DEF,,,,316,0,0,,0,0,,,Newcastle,21,3,0,2,36.8,129.5,4.0,5.0,2.6,3.8,5.2
Emil Krafth,,DEF,,,,0,0,0,,0,0,,,Newcastle,0,0,0,0,0.0,0.0,0.0,4.4,0.0,0.0,0.0
Jamaal Lascelles,,DEF,,,,6,0,0,,0,0,,,Newcastle,1,0,0,0,3.0,0.0,0.0,4.4,0.1,0.2,1.0
Alex Murphy,,DEF,,,,0,0,0,,0,0,,,Newcastle,0,0,0,0,0.0,0.0,0.0,3.9,0.7,0.0,0.0
Harrison Ashby,,DEF,,,,0,0,0,,0,0,,,Newcastle,0,0,0,0,0.0,0.0,0.0,3.9,0.2,0.0,0.0
Miodrag Pivaš,,DEF,,,,0,0,0,,0,0,,,Newcastle,0,0,0,0,0.0,0.0,0.0,3.9,0.2,0.0,0.0
Matt Targett,,DEF,,,,0,0,0,,0,0,,,Newcastle,0,0,0,0,0.0,0.0,0.0,4.0,0.3,0.0,0.0
Anthony Gordon,,MID,,,,137,0,0,,0,1,,,Newcastle,1,1,0,0,5.4,24.2,86.0,7.4,0.9,-0.5,0.5
Anthony Elanga,,MID,,,,233,0,0,,0,0,,,Newcastle,8,1,0,0,22.6,47.5,39.0,6.9,6.2,1.2,1.6
Harvey Barnes,,MID,,,,293,0,0,,0,0,,,Newcastle,10,2,0,0,20.2,78.5,49.0,6.5,0.8,1.8,2.0
Bruno Guimarães Rodriguez Moura,,MID,,,,360,1,0,,2,0,,,Newcastle,14,3,0,0,59.4,72.8,25.0,6.5,2.3,2.8,3.5
Jacob Murphy,,MID,,,,224,0,1,,0,0,,,Newcastle,13,3,0,0,37.2,27.7,102.0,6.3,1.1,3.0,3.2
Joelinton Cássio Apolinário de Lira,,MID,,,,221,0,0,,1,0,,,Newcastle,7,2,0,0,14.2,21.2,21.0,5.9,0.3,1.2,2.3
Sandro Tonali,,MID,,,,425,0,0,,0,0,,,Newcastle,14,4,0,0,54.8,104.1,48.0,5.4,1.3,2.8,2.8
Antoñito Cordero Campillo,,MID,,,,0,0,0,,0,0,,,Newcastle,0,0,0,0,0.0,0.0,0.0,4.9,0.0,0.0,0.0
Joe Willock,,MID,,,,86,0,0,,0,0,,,Newcastle,4,1,0,0,10.6,2.2,6.0,5.0,0.1,1.0,2.0
Isaac Hayden,,MID,,,,0,0,0,,0,0,,,Newcastle,0,0,0,0,0.0,0.0,0.0,4.5,0.0,0.0,0.0
Garang Kuol,,MID,,,,0,0,0,,0,0,,,Newcastle,0,0,0,0,0.0,0.0,0.0,4.4,0.1,0.0,0.0
Lewis Miley,,MID,,,,166,0,0,,0,0,,,Newcastle,6,1,0,0,20.8,27.2,6.0,4.4,2.0,1.2,1.5
Joe White,,MID,,,,0,0,0,,0,0,,,Newcastle,0,0,0,0,0.0,0.0,0.0,4.5,0.0,0.0,0.0
William Osula,,FWD,,,,136,1,0,,0,0,,,Newcastle,10,1,0,0,37.0,13.5,31.0,5.5,0.4,2.2,2.0
Sean Neave,,FWD,,,,0,0,0,,0,0,,,Newcastle,0,0,0,0,0.0,0.0,0.0,4.4,0.2,0.0,0.0
Aaron Ramsdale,,GKP,,,,0,0,0,,0,0,,,Newcastle,0,0,0,0,0.0,0.0,0.0,4.9,0.7,0.0,0.0
Malick Thiaw,,DEF,,,,92,0,0,,1,0,,,Newcastle,8,1,0,0,26.2,1.4,0.0,4.9,0.1,2.0,4.0
Seung-Soo Park,,MID,,,,0,0,0,,0,0,,,Newcastle,0,0,0,0,0.0,0.0,0.0,4.5,0.2,0.0,0.0
Nick Woltemade,,FWD,,,,147,1,0,,0,0,,,Newcastle,11,2,0,3,38.0,17.2,54.0,7.1,3.4,5.5,5.5
Oleksandr Zinchenko,,DEF,,,,90,0,0,,0,0,,,Nott'm Forest,2,0,0,0,29.6,18.0,15.0,4.9,0.3,0.7,2.0
James McAtee,,MID,,,,67,0,0,,0,0,,,Nott'm Forest,3,0,0,0,9.6,35.7,4.0,5.4,0.1,0.8,1.0
Matz Sels,,GKP,,,,450,0,0,,1,0,,,Nott'm Forest,10,0,16,0,123.8,0.0,0.0,5.0,13.7,2.0,2.0
Carlos Miguel dos Santos Pereira,,GKP,,,,0,0,0,,0,0,,,Nott'm Forest,0,0,0,0,0.0,0.0,0.0,4.0,0.1,0.0,0.0
Matt Turner,,GKP,,,,0,0,0,,0,0,,,Nott'm Forest,0,0,0,0,0.0,0.0,0.0,4.0,0.1,0.0,0.0
Nikola Milenković,,DEF,,,,450,0,0,,0,0,,,Nott'm Forest,8,0,0,0,73.0,18.3,10.0,5.5,7.1,1.5,1.6
Murillo Costa dos Santos,,DEF,,,,306,0,0,,1,0,,,Nott'm Forest,7,0,0,0,54.0,11.9,0.0,5.4,3.7,1.2,1.8
Ola Aina,,DEF,,,,270,0,0,,1,0,,,Nott'm Forest,6,0,0,0,53.8,33.3,11.0,4.9,5.6,0.5,2.0
Neco Williams,,DEF,,,,450,1,0,,2,0,,,Nott'm Forest,14,0,0,2,103.6,47.1,60.0,5.0,6.6,3.2,2.8
David Mota Veiga Teixeira do Carmo,,DEF,,,,0,0,0,,0,0,,,Nott'm Forest,0,0,0,0,0.0,0.0,0.0,4.5,0.0,0.0,0.0
Jair Paula da Cunha Filho,,DEF,,,,0,0,0,,0,0,,,Nott'm Forest,0,0,0,0,0.0,0.0,0.0,4.4,0.1,0.0,0.0
Felipe Rodrigues da Silva,,DEF,,,,180,0,0,,1,0,,,Nott'm Forest,2,0,0,0,29.6,2.7,0.0,4.4,0.1,0.5,1.0
Omar Richards,,DEF,,,,0,0,0,,0,0,,,Nott'm Forest,0,0,0,0,0.0,0.0,0.0,4.5,0.0,0.0,0.0
Zach Abbott,,DEF,,,,0,0,0,,0,0,,,Nott'm Forest,0,0,0,0,0.0,0.0,0.0,3.9,0.2,0.0,0.0
Willy Boly,,DEF,,,,0,0,0,,0,0,,,Nott'm Forest,0,0,0,0,0.0,0.0,0.0,3.9,0.5,0.0,0.0
Morgan Gibbs-White,,MID,,,,416,0,1,,0,0,,,Nott'm Forest,13,0,0,0,51.4,119.0,81.0,7.5,5.0,2.0,2.6
Callum Hudson-Odoi,,MID,,,,339,1,0,,0,0,,,Nott'm Forest,16,0,0,3,62.8,105.5,62.0,6.0,1.5,3.5,3.2
Elliot Anderson,,MID,,,,450,0,1,,0,0,,,Nott'm Forest,18,0,0,1,122.0,136.5,39.0,5.5,5.0,3.0,3.6
João Pedro Ferreira da Silva,,MID,,,,11,0,0,,0,0,,,Nott'm Forest,1,0,0,0,5.0,0.5,4.0,5.4,0.1,0.0,1.0
Nicolás Domínguez,,MID,,,,0,0,0,,0,0,,,Nott'm Forest,0,0,0,0,0.0,0.0,0.0,5.0,0.0,0.0,0.0
Lewis O'Brien,,MID,,,,0,0,0,,0,0,,,Nott'm Forest,0,0,0,0,0.0,0.0,0.0,5.0,0.0,0.0,0.0
Ibrahim Sangaré,,MID,,,,351,0,0,,0,0,,,Nott'm Forest,11,0,0,0,33.2,19.0,2.0,5.0,0.1,2.2,2.2
Ryan Yates,,MID,,,,25,0,0,,0,0,,,Nott'm Forest,3,0,0,0,7.2,4.0,2.0,4.8,0.1,0.5,1.0
Eric da Silva Moreira,,MID,,,,0,0,0,,0,0,,,Nott'm Forest,0,0,0,0,0.0,0.0,0.0,4.5,0.1,0.0,0.0
Marko Stamenić,,MID,,,,0,0,0,,0,0,,,Nott'm Forest,0,0,0,0,0.0,0.0,0.0,4.5,0.0,0.0,0.0
Chris Wood,,FWD,,,,370,2,0,,0,0,,,Nott'm Forest,20,1,0,3,75.6,46.3,133.0,7.6,20.0,1.8,4.0
Igor Jesus Maciel da Cruz,,FWD,,,,45,0,0,,0,0,,,Nott'm Forest,4,0,0,0,7.2,12.7,25.0,5.8,0.5,0.8,1.0
Taiwo Awoniyi,,FWD,,,,0,0,0,,0,0,,,Nott'm Forest,0,0,0,0,0.0,0.0,0.0,5.3,0.4,0.0,0.0
Dan Ndoye,,MID,,,,370,1,1,,0,0,,,Nott'm Forest,21,0,0,4,84.6,75.0,55.0,6.1,3.2,3.0,4.2
Angus Gunn,,GKP,,,,0,0,0,,0,0,,,Nott'm Forest,0,0,0,0,0.0,0.0,0.0,4.0,1.7,0.0,0.0
Omari Hutchinson,,MID,,,,9,0,0,,0,0,,,Nott'm Forest,2,0,0,0,0.2,0.9,8.0,5.5,0.0,0.5,1.0
Arnaud Kalimuendo,,FWD,,,,64,0,0,,0,0,,,Nott'm Forest,4,0,0,0,2.8,16.1,22.0,6.0,0.1,1.0,1.0
Douglas Luiz Soares de Paulo,,MID,,,,75,0,1,,0,0,,,Nott'm Forest,5,0,0,0,4.4,18.1,8.0,5.0,0.1,1.2,5.0
John Victor Maciel Furtado,,GKP,,,,0,0,0,,0,0,,,Nott'm Forest,0,0,0,0,0.0,0.0,0.0,4.0,0.4,0.0,0.0
Nicolò Savona,,DEF,,,,53,0,0,,0,0,,,Nott'm Forest,0,0,0,0,11.0,11.1,4.0,4.5,0.0,0.0,0.0
Luis Eduardo Soares da Silva,,DEF,,,,0,0,0,,0,0,,,Nott'm Forest,0,0,0,0,0.0,0.0,0.0,4.5,0.0,0.0,0.0
Dilane Bakwa,,MID,,,,88,0,0,,0,0,,,Nott'm Forest,2,0,0,0,13.6,15.2,28.0,6.0,0.0,1.0,1.0
Anthony Patterson,,GKP,,,,0,0,0,,0,0,,,Sunderland,0,0,0,0,0.0,0.0,0.0,4.4,0.2,0.0,0.0
Simon Moore,,GKP,,,,0,0,0,,0,0,,,Sunderland,0,0,0,0,0.0,0.0,0.0,4.0,0.4,0.0,0.0
Blondy Nna Noukeu,,GKP,,,,0,0,0,,0,0,,,Sunderland,0,0,0,0,0.0,0.0,0.0,4.0,0.1,0.0,0.0
Daniel Ballard,,DEF,,,,151,1,0,,0,0,,,Sunderland,19,1,0,3,87.4,20.9,67.0,4.6,2.6,0.3,6.3
Trai Hume,,DEF,,,,450,0,0,,0,0,,,Sunderland,19,2,0,0,83.8,72.0,10.0,4.5,0.3,4.0,3.8
Aji Alese,,DEF,,,,0,0,0,,0,0,,,Sunderland,0,0,0,0,0.0,0.0,0.0,4.0,0.0,0.0,0.0
Joe Anderson,,DEF,,,,0,0,0,,0,0,,,Sunderland,0,0,0,0,0.0,0.0,0.0,3.9,0.4,0.0,0.0
Dennis Cirkin,,DEF,,,,0,0,0,,0,0,,,Sunderland,0,0,0,0,0.0,0.0,0.0,4.0,0.0,0.0,0.0
Leo Fuhr Hjelde,,DEF,,,,0,0,0,,0,0,,,Sunderland,0,0,0,0,0.0,0.0,0.0,4.0,0.0,0.0,0.0
Niall Huggins,,DEF,,,,0,0,0,,0,0,,,Sunderland,0,0,0,0,0.0,0.0,0.0,4.0,0.1,0.0,0.0
Zak Johnson,,DEF,,,,0,0,0,,0,0,,,Sunderland,0,0,0,0,0.0,0.0,0.0,4.0,0.2,0.0,0.0
Luke O'Nien,,DEF,,,,0,0,0,,0,0,,,Sunderland,0,0,0,0,0.0,0.0,0.0,4.0,0.0,0.0,0.0
Timothée Pembélé,,DEF,,,,0,0,0,,0,0,,,Sunderland,0,0,0,0,0.0,0.0,0.0,3.9,0.3,0.0,0.0
Reinildo Mandava,,DEF,,,,392,0,0,,1,1,,,Sunderland,14,2,0,0,74.2,18.3,6.0,4.0,7.6,1.7,2.8
Jenson Seelt,,DEF,,,,133,0,0,,0,0,,,Sunderland,2,0,0,0,33.6,2.4,0.0,4.0,0.2,0.0,1.0
Simon Adingra,,MID,,,,230,0,1,,1,0,,,Sunderland,11,2,0,0,20.4,59.7,6.0,5.4,1.0,1.3,2.8
Habib Diarra,,MID,,,,345,0,1,,1,0,,,Sunderland,12,2,0,0,10.6,31.0,45.0,5.5,0.1,2.3,3.0
Patrick Roberts,,MID,,,,27,0,0,,0,0,,,Sunderland,1,0,0,0,1.8,7.3,5.0,5.4,0.0,0.0,1.0
Milan Aleksić,,MID,,,,0,0,0,,0,0,,,Sunderland,0,0,0,0,0.0,0.0,0.0,4.9,0.0,0.0,0.0
Enzo Le Fée,,MID,,,,211,1,0,,0,0,,,Sunderland,15,0,0,2,79.2,41.4,21.0,4.9,0.4,4.3,3.8
Romaine Mundle,,MID,,,,0,0,0,,0,0,,,Sunderland,0,0,0,0,0.0,0.0,0.0,4.9,0.0,0.0,0.0
Dan Neil,,MID,,,,1,0,0,,0,0,,,Sunderland,1,0,0,0,1.0,0.0,0.0,4.9,0.0,0.3,1.0
Ian Poveda-Ocampo,,MID,,,,0,0,0,,0,0,,,Sunderland,0,0,0,0,0.0,0.0,0.0,4.9,0.0,0.0,0.0
Chris Rigg,,MID,,,,38,0,0,,0,0,,,Sunderland,3,0,0,0,1.4,12.1,4.0,4.9,0.0,0.7,1.0
Noah Sadiki,,MID,,,,443,0,0,,1,0,,,Sunderland,11,2,0,0,45.8,61.0,10.0,5.0,0.0,2.0,2.2
Chemsdine Talbi,,MID,,,,385,0,1,,0,0,,,Sunderland,16,3,0,0,37.8,74.2,33.0,5.0,0.3,2.7,3.2
Abdoullah Ba,,MID,,,,0,0,0,,0,0,,,Sunderland,0,0,0,0,0.0,0.0,0.0,4.4,0.2,0.0,0.0
Alan Browne,,MID,,,,0,0,0,,0,0,,,Sunderland,0,0,0,0,0.0,0.0,0.0,4.5,0.1,0.0,0.0
Pierre Ekwah Elimby,,MID,,,,0,0,0,,0,0,,,Sunderland,0,0,0,0,0.0,0.0,0.0,4.5,0.0,0.0,0.0
Harrison Jones,,MID,,,,0,0,0,,0,0,,,Sunderland,0,0,0,0,0.0,0.0,0.0,4.4,0.1,0.0,0.0
Jay Matete,,MID,,,,0,0,0,,0,0,,,Sunderland,0,0,0,0,0.0,0.0,0.0,4.4,0.2,0.0,0.0
Nectarios Triantis,,MID,,,,0,0,0,,0,0,,,Sunderland,0,0,0,0,0.0,0.0,0.0,4.4,0.1,0.0,0.0
Wilson Isidor,,FWD,,,,235,3,0,,0,0,,,Sunderland,25,1,0,6,107.4,2.3,118.0,5.5,1.6,6.3,5.0
Eliezer Mayenda Dossou,,FWD,,,,211,1,0,,0,0,,,Sunderland,13,2,0,2,46.4,13.1,45.0,5.5,1.3,1.0,3.2
Ahmed Abdullahi,,FWD,,,,0,0,0,,0,0,,,Sunderland,0,0,0,0,0.0,0.0,0.0,4.4,0.4,0.0,0.0
Luís Hemir Silva Semedo,,FWD,,,,0,0,0,,0,0,,,Sunderland,0,0,0,0,0.0,0.0,0.0,4.4,0.2,0.0,0.0
Nazarii Rusyn,,FWD,,,,0,0,0,,0,0,,,Sunderland,0,0,0,0,0.0,0.0,0.0,4.4,0.1,0.0,0.0
Granit Xhaka,,MID,,,,450,0,2,,2,0,,,Sunderland,20,2,0,0,119.6,108.0,14.0,5.0,2.9,4.3,4.0
Robin Roefs,,GKP,,,,450,0,0,,1,0,,,Sunderland,29,2,14,4,131.0,0.0,0.0,4.5,2.3,6.7,5.8
Arthur Masuaku,,DEF,,,,10,0,0,,0,0,,,Sunderland,1,0,0,0,2.0,0.1,0.0,4.0,0.6,0.3,1.0
Omar Alderete,,DEF,,,,397,0,1,,0,0,,,Sunderland,22,1,0,1,133.8,22.0,42.0,4.0,1.9,5.7,4.4
Nordi Mukiele,,DEF,,,,270,0,0,,0,0,,,Sunderland,18,1,0,2,86.8,42.1,18.0,4.0,0.9,6.0,6.0
Lutsharel Geertruida,,DEF,,,,15,0,0,,0,0,,,Sunderland,2,0,0,0,7.0,0.0,0.0,4.5,0.0,1.0,1.0
Brian Brobbey,,FWD,,,,21,0,0,,0,0,,,Sunderland,1,0,0,0,1.0,0.1,0.0,5.5,0.1,0.5,1.0
Bertrand Traoré,,MID,,,,0,0,0,,0,0,,,Sunderland,0,0,0,0,0.0,0.0,0.0,5.5,0.0,0.0,0.0
Guglielmo Vicario,,GKP,,,,450,0,0,,0,0,,,Spurs,30,3,19,5,150.0,0.1,0.0,5.1,11.9,4.0,6.0
Brandon Austin,,GKP,,,,0,0,0,,0,0,,,Spurs,0,0,0,0,0.0,0.0,0.0,4.0,0.3,0.0,0.0
Antonín Kinský,,GKP,,,,0,0,0,,0,0,,,Spurs,0,0,0,0,0.0,0.0,0.0,4.0,1.5,0.0,0.0
Pedro Porro Sauceda,,DEF,,,,428,0,0,,1,0,,,Spurs,22,3,0,0,97.4,140.3,19.0,5.6,24.5,3.7,4.4
Cristian Romero,,DEF,,,,450,0,1,,2,0,,,Spurs,29,3,0,3,126.0,26.5,43.0,5.1,7.0,5.3,5.8
Kevin Danso,,DEF,,,,11,0,0,,0,0,,,Spurs,2,0,0,0,6.2,0.8,0.0,4.3,0.2,0.3,1.0
Ben Davies,,DEF,,,,0,0,0,,0,0,,,Spurs,0,0,0,0,0.0,0.0,0.0,4.4,0.1,0.0,0.0
Radu Drăgușin,,DEF,,,,0,0,0,,0,0,,,Spurs,0,0,0,0,0.0,0.0,0.0,4.5,0.0,0.0,0.0
Djed Spence,,DEF,,,,341,0,0,,2,0,,,Spurs,19,3,0,0,41.8,31.8,26.0,4.5,2.4,2.3,3.8
Destiny Udogie,,DEF,,,,128,0,0,,0,0,,,Spurs,3,0,0,0,21.4,29.2,28.0,4.4,0.5,1.0,1.0
Micky van de Ven,,DEF,,,,439,1,0,,1,0,,,Spurs,28,3,0,2,106.8,17.1,39.0,4.7,33.3,5.3,5.6
Ashley Phillips,,DEF,,,,0,0,0,,0,0,,,Spurs,0,0,0,0,0.0,0.0,0.0,4.0,0.0,0.0,0.0
Takai Kōta,,DEF,,,,0,0,0,,0,0,,,Spurs,0,0,0,0,0.0,0.0,0.0,4.0,0.1,0.0,0.0
Luka Vušković,,DEF,,,,0,0,0,,0,0,,,Spurs,0,0,0,0,0.0,0.0,0.0,3.9,0.6,0.0,0.0
Son Heung-min,,MID,,,,0,0,0,,0,0,,,Spurs,0,0,0,0,0.0,0.0,0.0,8.5,0.1,0.0,0.0
Brennan Johnson,,MID,,,,237,2,0,,1,0,,,Spurs,20,2,0,2,87.0,44.8,50.0,7.0,7.0,1.0,4.0
James Maddison,,MID,,,,0,0,0,,0,0,,,Spurs,0,0,0,0,0.0,0.0,0.0,6.9,0.1,0.0,0.0
Mohammed Kudus,,MID,,,,439,0,4,,1,0,,,Spurs,25,3,0,1,106.8,178.9,77.0,6.6,31.7,4.0,5.0
Dejan Kulusevski,,MID,,,,0,0,0,,0,0,,,Spurs,0,0,0,0,0.0,0.0,0.0,6.4,0.0,0.0,0.0
Mathys Tel,,MID,,,,97,0,0,,0,0,,,Spurs,5,1,0,0,5.4,3.4,9.0,6.3,0.1,1.3,1.7
Rodrigo Bentancur,,MID,,,,259,0,0,,0,0,,,Spurs,8,1,0,0,34.2,45.3,10.0,5.4,0.1,1.3,2.0
Lucas Bergvall,,MID,,,,286,1,1,,0,0,,,Spurs,20,2,0,0,86.4,34.2,81.0,5.4,0.5,5.3,4.0
Yves Bissouma,,MID,,,,0,0,0,,0,0,,,Spurs,0,0,0,0,0.0,0.0,0.0,5.3,0.1,0.0,0.0
Wilson Odobert,,MID,,,,140,0,0,,0,0,,,Spurs,6,0,0,0,8.8,23.2,41.0,5.3,0.0,1.3,1.2
Manor Solomon,,MID,,,,0,0,0,,0,0,,,Spurs,0,0,0,0,0.0,0.0,0.0,5.4,0.0,0.0,0.0
Bryan Gil Salvatierra,,MID,,,,0,0,0,,0,0,,,Spurs,0,0,0,0,0.0,0.0,0.0,4.9,0.0,0.0,0.0
Archie Gray,,MID,,,,71,0,0,,0,0,,,Spurs,4,1,0,0,6.0,13.2,2.0,4.9,0.1,0.3,2.0
Mikey Moore,,MID,,,,0,0,0,,0,0,,,Spurs,0,0,0,0,0.0,0.0,0.0,5.0,0.0,0.0,0.0
Pape Matar Sarr,,MID,,,,345,1,1,,0,0,,,Spurs,19,3,0,0,81.2,25.5,68.0,5.0,3.1,3.3,4.8
Yang Min-hyeok,,MID,,,,0,0,0,,0,0,,,Spurs,0,0,0,0,0.0,0.0,0.0,4.5,0.0,0.0,0.0
Callum Olusesi,,MID,,,,0,0,0,,0,0,,,Spurs,0,0,0,0,0.0,0.0,0.0,4.4,0.2,0.0,0.0
Dominic Solanke-Mitchell,,FWD,,,,31,0,0,,0,0,,,Spurs,2,0,0,0,6.0,0.3,25.0,7.2,1.3,0.0,1.0
Richarlison de Andrade,,FWD,,,,347,3,1,,1,0,,,Spurs,29,2,0,6,141.4,48.3,190.0,6.7,14.2,4.0,5.8
Will Lankshear,,FWD,,,,0,0,0,,0,0,,,Spurs,0,0,0,0,0.0,0.0,0.0,4.5,0.0,0.0,0.0
Dane Scarlett,,FWD,,,,0,0,0,,0,0,,,Spurs,0,0,0,0,0.0,0.0,0.0,4.4,0.7,0.0,0.0
João Maria Lobo Alves Palhares Costa Palhinha Gonçalves,,MID,,,,333,1,0,,0,0,,,Spurs,20,2,0,3,92.8,13.8,39.0,5.5,0.8,2.7,4.0
Xavi Simons,,MID,,,,99,0,1,,0,0,,,Spurs,7,1,0,0,21.6,32.0,25.0,7.1,3.7,3.5,3.5
Randal Kolo Muani,,FWD,,,,0,0,0,,0,0,,,Spurs,0,0,0,0,0.0,0.0,0.0,7.0,0.3,0.0,0.0
Igor Julio dos Santos de Paulo,,DEF,,,,0,0,0,,0,0,,,West Ham,0,0,0,0,0.0,0.0,0.0,4.5,0.1,0.0,0.0
Alphonse Areola,,GKP,,,,90,0,0,,0,0,,,West Ham,1,0,1,0,13.2,0.0,0.0,4.4,2.5,0.3,1.0
Wes Foderingham,,GKP,,,,0,0,0,,0,0,,,West Ham,0,0,0,0,0.0,0.0,0.0,4.0,0.4,0.0,0.0
Krisztián Hegyi,,GKP,,,,0,0,0,,0,0,,,West Ham,0,0,0,0,0.0,0.0,0.0,4.0,0.2,0.0,0.0
El Hadji Malick Diouf,,DEF,,,,450,0,3,,1,0,,,West Ham,18,1,0,1,125.6,102.9,37.0,4.4,4.3,4.7,3.6
Emerson Palmieri dos Santos,,DEF,,,,0,0,0,,0,0,,,West Ham,0,0,0,0,0.0,0.0,0.0,4.4,0.1,0.0,0.0
Maximilian Kilman,,DEF,,,,450,0,0,,2,0,,,West Ham,9,1,0,0,99.8,18.1,14.0,4.4,0.2,3.0,1.8
Konstantinos Mavropanos,,DEF,,,,270,0,0,,0,0,,,West Ham,12,1,0,0,68.6,1.6,39.0,4.4,0.1,4.0,4.0
Nayef Aguerd,,DEF,,,,180,0,0,,0,0,,,West Ham,3,0,0,0,39.0,3.9,8.0,4.4,0.1,0.0,1.5
Ollie Scarles,,DEF,,,,0,0,0,,0,0,,,West Ham,0,0,0,0,0.0,0.0,0.0,4.4,0.0,0.0,0.0
Jean-Clair Todibo,,DEF,,,,126,0,0,,0,0,,,West Ham,1,0,0,0,25.2,3.4,0.0,4.4,0.1,0.0,0.5
Aaron Wan-Bissaka,,DEF,,,,180,0,0,,0,0,,,West Ham,1,0,0,0,34.8,44.5,8.0,4.3,9.8,0.0,0.5
Kaelan Casey,,DEF,,,,0,0,0,,0,0,,,West Ham,0,0,0,0,0.0,0.0,0.0,4.0,0.1,0.0,0.0
Lucas Tolentino Coelho de Lima,,MID,,,,427,2,0,,1,0,,,West Ham,24,1,0,2,133.6,109.0,75.0,5.9,3.7,4.3,4.8
Tomáš Souček,,MID,,,,231,0,0,,0,1,,,West Ham,4,1,0,0,38.0,3.7,58.0,5.7,0.3,0.3,1.0
James Ward-Prowse,,MID,,,,414,0,0,,0,0,,,West Ham,11,1,0,0,56.6,176.3,6.0,5.8,0.3,2.3,2.2
Crysencio Summerville,,MID,,,,145,0,2,,0,0,,,West Ham,11,0,0,0,33.4,25.0,10.0,5.5,0.1,3.7,3.7
Edson Álvarez Velázquez,,MID,,,,0,0,0,,0,0,,,West Ham,0,0,0,0,0.0,0.0,0.0,4.9,0.1,0.0,0.0
Maxwel Cornet,,MID,,,,0,0,0,,0,0,,,West Ham,0,0,0,0,0.0,0.0,0.0,4.9,0.0,0.0,0.0
Guido Rodríguez,,MID,,,,70,0,0,,0,0,,,West Ham,2,0,0,0,2.2,2.3,2.0,4.9,0.0,0.0,2.0
Luis Guilherme Lira dos Santos,,MID,,,,41,0,0,,0,0,,,West Ham,2,0,0,0,1.4,0.0,4.0,4.9,0.0,0.7,1.0
George Earthy,,MID,,,,0,0,0,,0,0,,,West Ham,0,0,0,0,0.0,0.0,0.0,4.5,0.1,0.0,0.0
Andy Irving,,MID,,,,24,0,0,,0,0,,,West Ham,3,0,0,0,14.8,17.2,0.0,4.4,0.3,0.7,1.0
Lewis Orford,,MID,,,,0,0,0,,0,0,,,West Ham,0,0,0,0,0.0,0.0,0.0,4.4,0.1,0.0,0.0
Freddie Potts,,MID,,,,45,0,0,,0,0,,,West Ham,1,0,0,0,6.2,2.2,2.0,4.4,0.7,0.0,1.0
Jarrod Bowen,,FWD,,,,450,2,0,,0,0,,,West Ham,24,1,0,6,123.8,83.9,135.0,7.7,6.4,6.7,4.8
Niclas Füllkrug,,FWD,,,,229,0,0,,0,0,,,West Ham,6,1,0,0,8.0,36.9,69.0,5.7,1.1,1.0,1.5
Callum Marshall,,FWD,,,,0,0,0,,0,0,,,West Ham,0,0,0,0,0.0,0.0,0.0,4.4,0.7,0.0,0.0
Kyle Walker-Peters,,DEF,,,,290,0,0,,0,0,,,West Ham,9,1,0,0,45.8,22.5,32.0,4.4,0.4,2.7,2.2
Callum Wilson,,FWD,,,,170,1,0,,0,0,,,West Ham,11,0,0,2,50.8,13.5,82.0,5.9,0.5,3.0,2.2
Mads Hermansen,,GKP,,,,360,0,0,,0,0,,,West Ham,9,1,9,0,84.8,0.0,0.0,4.5,0.3,2.7,2.2
Mateus Gonçalo Espanha Fernandes,,MID,,,,218,0,0,,0,0,,,West Ham,7,1,0,0,26.0,59.5,8.0,5.5,0.0,2.3,2.3
Soungoutou Magassa,,MID,,,,41,0,0,,0,0,,,West Ham,2,0,0,0,9.6,1.7,0.0,5.0,0.0,1.0,1.0
Lukasz Fabianski,,GKP,,,,0,0,0,,0,0,,,West Ham,0,0,0,0,0.0,0.0,0.0,4.5,0.0,0.0,0.0
Sam Johnstone,,GKP,,,,90,0,0,,0,0,,,Wolves,3,0,3,0,31.2,0.0,0.0,4.5,0.1,1.0,3.0
José Malheiro de Sá,,GKP,,,,360,0,0,,0,0,,,Wolves,5,0,5,0,44.0,10.0,0.0,4.5,1.6,0.7,1.2
Daniel Bentley,,GKP,,,,0,0,0,,0,0,,,Wolves,0,0,0,0,0.0,0.0,0.0,4.0,0.7,0.0,0.0
Emmanuel Agbadou,,DEF,,,,450,0,0,,0,0,,,Wolves,12,0,0,0,141.0,38.6,39.0,4.5,0.4,2.7,2.4
Matt Doherty,,DEF,,,,180,0,0,,2,0,,,Wolves,0,0,0,0,29.0,7.7,0.0,4.4,0.1,0.0,0.0
Hugo Bueno López,,DEF,,,,272,0,0,,1,0,,,Wolves,7,0,0,0,81.6,132.6,33.0,4.4,0.1,2.0,1.4
Yerson Mosquera Valdelamar,,DEF,,,,136,0,0,,0,0,,,Wolves,3,0,0,0,19.2,0.5,21.0,4.4,0.1,1.0,1.5
Rodrigo Martins Gomes,,DEF,,,,165,1,0,,0,0,,,Wolves,10,0,0,0,51.8,19.8,64.0,4.5,0.1,3.0,2.5
Santiago Ignacio Bueno,,DEF,,,,124,0,0,,0,0,,,Wolves,4,0,0,0,33.8,19.4,2.0,4.4,0.0,1.0,2.0
Toti Gomes,,DEF,,,,389,0,0,,0,1,,,Wolves,4,0,0,0,74.6,26.5,27.0,4.4,0.1,2.0,0.8
Ki-Jana Hoever,,DEF,,,,106,0,0,,0,0,,,Wolves,2,0,0,0,22.8,34.2,2.0,4.0,1.3,0.0,1.0
Bastien Meupiyou Menadjou,,DEF,,,,0,0,0,,0,0,,,Wolves,0,0,0,0,0.0,0.0,0.0,4.0,0.0,0.0,0.0
Pedro Cardoso de Lima,,DEF,,,,0,0,0,,0,0,,,Wolves,0,0,0,0,0.0,0.0,0.0,4.0,0.7,0.0,0.0
Alfie Pond,,DEF,,,,0,0,0,,0,0,,,Wolves,0,0,0,0,0.0,0.0,0.0,4.0,1.1,0.0,0.0
Hwang Hee-chan,,MID,,,,171,1,0,,0,0,,,Wolves,11,0,0,0,38.8,11.7,45.0,5.9,0.2,3.0,2.8
André Trindade da Costa Neto,,MID,,,,262,0,0,,1,0,,,Wolves,9,0,0,0,30.6,12.5,2.0,5.4,0.1,1.3,1.8
Jean-Ricner Bellegarde,,MID,,,,212,0,0,,0,0,,,Wolves,6,0,0,0,18.2,53.6,20.0,5.4,0.1,1.0,1.2
Fer López González,,MID,,,,102,0,1,,1,0,,,Wolves,6,0,0,0,27.0,50.7,25.0,5.4,0.0,1.7,1.5
João Victor Gomes da Silva,,MID,,,,450,0,0,,2,0,,,Wolves,12,0,0,0,71.4,62.6,21.0,5.4,0.1,3.0,2.4
Gonçalo Manuel Ganchinho Guedes,,MID,,,,0,0,0,,0,0,,,Wolves,0,0,0,0,0.0,0.0,0.0,5.5,0.0,0.0,0.0
Marshall Munetsi,,MID,,,,339,0,1,,1,0,,,Wolves,10,0,0,0,40.0,36.7,53.0,5.5,0.0,2.0,2.0
Boubacar Traoré,,MID,,,,0,0,0,,0,0,,,Wolves,0,0,0,0,0.0,0.0,0.0,5.0,0.0,0.0,0.0
Tawanda Chirewa,,MID,,,,0,0,0,,0,0,,,Wolves,0,0,0,0,0.0,0.0,0.0,4.4,0.3,0.0,0.0
Tom Edozie,,MID,,,,0,0,0,,0,0,,,Wolves,0,0,0,0,0.0,0.0,0.0,4.4,0.4,0.0,0.0
Enso González Medina,,MID,,,,0,0,0,,0,0,,,Wolves,0,0,0,0,0.0,0.0,0.0,4.4,1.7,0.0,0.0
Joe Hodge,,MID,,,,0,0,0,,0,0,,,Wolves,0,0,0,0,0.0,0.0,0.0,4.5,0.0,0.0,0.0
Jørgen Strand Larsen,,FWD,,,,203,0,0,,0,0,,,Wolves,5,0,0,0,14.2,7.7,78.0,6.4,1.6,0.3,1.7
Fábio Soares Silva,,FWD,,,,0,0,0,,0,0,,,Wolves,0,0,0,0,0.0,0.0,0.0,4.9,0.3,0.0,0.0
Saša Kalajdžić,,FWD,,,,14,0,0,,0,0,,,Wolves,1,0,0,0,1.0,4.3,2.0,4.9,0.1,0.3,1.0
Leon Chiwome,,FWD,,,,0,0,0,,0,0,,,Wolves,0,0,0,0,0.0,0.0,0.0,4.5,0.0,0.0,0.0
Nathan Fraser,,FWD,,,,0,0,0,,0,0,,,Wolves,0,0,0,0,0.0,0.0,0.0,4.4,2.3,0.0,0.0
Jhon Arias,,MID,,,,177,0,0,,0,0,,,Wolves,6,0,0,0,30.2,48.5,36.0,5.3,0.3,1.3,1.2
David Møller Wolfe,,DEF,,,,131,0,1,,0,0,,,Wolves,6,0,0,0,30.6,16.1,4.0,4.5,0.1,1.3,2.0
Jackson Tchatchoua,,DEF,,,,220,0,0,,0,0,,,Wolves,4,0,0,0,41.8,55.1,14.0,4.5,0.0,1.0,1.0
Ladislav Krejcí,,DEF,,,,180,1,0,,1,0,,,Wolves,8,0,0,0,57.6,29.2,17.0,4.5,0.0,2.7,4.0
Tolu Arokodare,,FWD,,,,155,0,0,,0,0,,,Wolves,4,0,0,0,9.4,14.8,51.0,5.5,0.1,2.0,2.0
